Timestamp,Team #?,Match #?,Starting location?,"AUTO scoring 
(uncheck all but final score before continuing) [Speaker score ✅]","AUTO scoring 
(uncheck all but final score before continuing) [Speaker miss ❌]","AUTO scoring 
(uncheck all but final score before continuing) [Amp score ✅]","AUTO scoring 
(uncheck all but final score before continuing) [Amp miss ❌]",# Fouls?,# Tech fouls?,"Tele-op scoring 
(uncheck all but final score before continuing) [Amp score ✅]","Tele-op scoring 
(uncheck all but final score before continuing) [Amp miss ❌]","Tele-op scoring 
(uncheck all but final score before continuing) [Speaker score ✅]","Tele-op scoring 
(uncheck all but final score before continuing) [Speaker miss ❌]",# Fouls?,# Tech fouls?,Climb?,Scored trap?,Harmony? (2 robots on the same chain),Driver performance?,How much defence was played ON this robot?,How effective the defense against this robot?,Did the robot break on the field?,Other notes?,Did this robot PLAY defence? If so how effectively?,Tele-op [Note passes],AUTO [Note passes],Tried center line pickup?,Successful pickup from center line?,Successful Exit STARTING ZONE
3/16/2024 23:09:53,1719,1,Center,,,,,,,,,1,,,,Successful attempt,No attempt,Successful attempt,"1 - Completely lost, not contributing in any way",None,N/A,No,,N/A,,,No,No,No
3/16/2024 23:44:14,686,1,,1,3,,,,,4,,2,2,,,No attempt,No attempt,No attempt,"4 - Good, slight hesitation, but seemed purposeful",Light,Somewhat effective,No,,N/A,,,Yes,Yes,Yes
3/16/2024 23:46:49,116,1,Center,,,,,,,,,2,3,,,No attempt,No attempt,No attempt,"3 - Decent, they get around, could do better",None,N/A,No,"slow, timid",N/A,,,,,
3/16/2024 23:48:36,8726,1,Amp,,,,,,,,,,,,,No attempt,No attempt,No attempt,"1 - Completely lost, not contributing in any way",None,N/A,Yes,,N/A,,,,,
3/16/2024 23:50:44,4464,1,Source,,,,,,,,,,,,,No attempt,No attempt,No attempt,"1 - Completely lost, not contributing in any way",None,N/A,No,,N/A,,,,,
3/16/2024 23:51:55,2377,1,Center,1,,,,,,4,,1,,,,No attempt,No attempt,No attempt,"4 - Good, slight hesitation, but seemed purposeful",None,N/A,No,,N/A,,,,,Yes
3/16/2024 23:11:03,8622,2,Amp,,1,,,,,,,5,,,,Successful attempt,No attempt,No attempt,"4 - Good, slight hesitation, but seemed purposeful",Light,Not effective,No,made 100% shots in teleop,N/A,,,,,
3/16/2024 23:45:04,1418,2,Center,1,1,,,,,1,2,,,,,Failed attempt,No attempt,No attempt,"2 - Mostly lost, but had some use",Heavy,Somewhat effective,No,,N/A,,,,,
3/16/2024 23:47:51,5841,2,Center,,1,,,,,,,,3,,,No attempt,No attempt,No attempt,"2 - Mostly lost, but had some use",None,N/A,No,"note stuck in wheel, slow speed shooter",N/A,,,,,
3/16/2024 23:49:08,1111,2,Source,,,,,,,,,,,,,No attempt,No attempt,No attempt,"1 - Completely lost, not contributing in any way",None,N/A,No,,N/A,,,,,
3/16/2024 23:53:30,2199,2,Center,1,,,,,,,,3,2,,,Failed attempt,No attempt,No attempt,"3 - Decent, they get around, could do better",None,N/A,No,,N/A,,,,,
3/16/2024 23:12:02,5243,3,Amp,,,,,,,,,,,,,No attempt,No attempt,No attempt,"1 - Completely lost, not contributing in any way",None,N/A,Yes,moved only 1 foot,N/A,,,,,
3/16/2024 23:49:56,614,3,Center,,,,,,,3,1,,2,,,Failed attempt,No attempt,No attempt,"3 - Decent, they get around, could do better",None,N/A,No,,N/A,,,Yes,No,Yes
3/16/2024 23:56:12,1629,3,Amp,1,1,,,,,,,6,1,,,Failed attempt,No attempt,No attempt,"5 - Fantastic, every move purposeful, wastes no time",Light,Somewhat effective,No,,N/A,,,Yes,Yes,Yes
3/16/2024 23:13:20,9072,4,,4,,,,,,,,9,,,,No attempt,No attempt,No attempt,"5 - Fantastic, every move purposeful, wastes no time",Light,Not effective,No,100% accurate and was very fast,N/A,,,No,No,No
3/16/2024 23:37:04,2537,4,,,,,,,,2,,,,,,No attempt,No attempt,No attempt,"2 - Mostly lost, but had some use",None,Somewhat effective,Yes,,N/A,,,,,
3/16/2024 23:43:20,6326,4,Amp,1,,,,,,2,1,,,,,Successful attempt,No attempt,No attempt,"3 - Decent, they get around, could do better",None,N/A,No,,N/A,1,,Yes,No,Yes
3/16/2024 23:47:18,3748,4,Source,1,1,,,,,,,6,,,,Failed attempt,No attempt,No attempt,"3 - Decent, they get around, could do better",Light,Not effective,No,,N/A,,,No,No,Yes
3/16/2024 23:49:32,8326,4,Center,,,,,,,,,3,,,,Failed attempt,No attempt,No attempt,"4 - Good, slight hesitation, but seemed purposeful",Heavy,Somewhat effective,Yes,"Broke but then fixed
Could not spit out notes then switched to defense",Not effective,,,No,Yes,Yes
3/16/2024 23:55:05,1446,4,,,,,,,,,,,,,,No attempt,No attempt,No attempt,,None,N/A,No,NO SHOW,,,,,,
3/16/2024 23:14:09,3793,5,,1,,,,,,,,1,1,,,Failed attempt,No attempt,No attempt,"3 - Decent, they get around, could do better",None,N/A,No,was slow,N/A,,,,,
3/16/2024 23:38:41,1908,5,Center,1,,,,,,,,5,3,,,Successful attempt,No attempt,No attempt,"3 - Decent, they get around, could do better",Light,Not effective,No,"weak, but made really effective shooter",N/A,,,,,
3/16/2024 23:42:12,888,5,Center,2,,,,,,,2,1,3,,,Failed attempt,No attempt,No attempt,"4 - Good, slight hesitation, but seemed purposeful",Light,Not effective,No,,N/A,,,,,Yes
3/16/2024 23:44:54,7770,5,Amp,,,,,,,,,,,,,Successful attempt,No attempt,No attempt,"1 - Completely lost, not contributing in any way",Heavy,Not effective,Yes,Didn't do anything but was still active ,N/A,,,No,No,No
3/16/2024 23:45:36,2914,5,Source,,,,,,,,,,,,,No attempt,No attempt,No attempt,"1 - Completely lost, not contributing in any way",None,N/A,Yes,,,,,,,
3/16/2024 23:52:43,1389,5,Center,,,,,,,3,,2,,,,Successful attempt,No attempt,No attempt,"3 - Decent, they get around, could do better",None,N/A,No,"Can't pick up well
Stopped moving in beginning started at 1:30",N/A,,,No,No,No
3/16/2024 23:56:15,1727,5,Amp,,,,,,,4,,6,,,,Failed attempt,No attempt,No attempt,"5 - Fantastic, every move purposeful, wastes no time",Heavy,Not effective,No,,N/A,,,Yes,Yes,Yes
3/16/2024 23:15:38,85141,6,Source,,,,,,,,,,2,,,No attempt,No attempt,No attempt,"1 - Completely lost, not contributing in any way",None,N/A,No,struggled at amp -- kept dropping notes,N/A,,,,,
3/16/2024 23:40:11,4541,6,Center,1,1,,,,,1,,,3,,,Failed attempt,No attempt,Failed attempt,"3 - Decent, they get around, could do better",None,N/A,No,,Somewhat effective,,,,,
3/16/2024 23:41:07,4456,6,Center,4,,,,,,,,4,1,,,Failed attempt,No attempt,No attempt,"4 - Good, slight hesitation, but seemed purposeful",Heavy,Somewhat effective,No,,N/A,,,,,Yes
3/16/2024 23:46:09,2849,6,Amp,1,1,,,,,,,1,1,,,No attempt,No attempt,No attempt,"2 - Mostly lost, but had some use",None,N/A,No,,N/A,,,No,No,No
3/16/2024 23:54:24,5115,6,Source,,,,,,,3,,3,1,,,Successful attempt,No attempt,No attempt,"4 - Good, slight hesitation, but seemed purposeful",None,N/A,No,"Drive was good, pickup slower 
won match with two robots",N/A,,,No,No,No
3/16/2024 23:56:44,2900,6,,,,,,,,,,,,,,No attempt,No attempt,No attempt,,None,N/A,No,No SHOW,,,,,,
3/16/2024 23:16:44,5243,7,Source,,,,,,,,1,,1,,,No attempt,No attempt,No attempt,"1 - Completely lost, not contributing in any way",None,N/A,No,kept missing,N/A,,,,,
3/16/2024 23:20:07,2914,7,,,,,,,,,,,,,,Failed attempt,No attempt,No attempt,"1 - Completely lost, not contributing in any way",None,N/A,No,,N/A,,,,,
3/16/2024 23:23:42,2377,7,Source,1,,,,,,3,,,,,,Successful attempt,No attempt,No attempt,"3 - Decent, they get around, could do better",Heavy,Somewhat effective,No,,N/A,,,,,
3/16/2024 23:26:58,5841,7,Amp,,1,,,,,,,1,3,,,No attempt,No attempt,No attempt,"2 - Mostly lost, but had some use",None,N/A,No,,N/A,,,,,
3/16/2024 23:29:37,1719,7,Center,,,,,,,,,1,2,,,Failed attempt,No attempt,No attempt,"2 - Mostly lost, but had some use",None,N/A,No,can pick up more than one note,N/A,,,,,
3/16/2024 23:34:17,2199,7,Center,1,1,,,,,,,2,5,,,No attempt,No attempt,No attempt,"3 - Decent, they get around, could do better",None,N/A,Yes,,N/A,,,,,
3/16/2024 23:17:53,686,8,Amp,2,,,,,,3,1,3,1,,,No attempt,No attempt,No attempt,"5 - Fantastic, every move purposeful, wastes no time",None,N/A,No,,N/A,,,Yes,Yes,Yes
3/16/2024 23:21:27,8622,8,,,1,,,,,,,2,,,,No attempt,No attempt,No attempt,"2 - Mostly lost, but had some use",None,N/A,Yes,got stuck going under the source,N/A,,,,,No
3/16/2024 23:24:25,6213,8,,,,,,,,,,,,,,No attempt,No attempt,No attempt,"1 - Completely lost, not contributing in any way",None,N/A,No,,,,,,,
3/16/2024 23:27:43,3748,8,Center,,,,,,,,,7,,,,Failed attempt,No attempt,No attempt,"5 - Fantastic, every move purposeful, wastes no time",None,N/A,No,scores well,N/A,,,,,
3/16/2024 23:30:41,8526,8,Center,,1,,,,,2,,2,1,,,Failed attempt,No attempt,No attempt,"4 - Good, slight hesitation, but seemed purposeful",None,N/A,No,,N/A,,,,,
3/16/2024 23:34:54,7886,8,,,,,,,,,,,,,,No attempt,No attempt,No attempt,,None,N/A,No,NO SHOW,,,,,,
3/16/2024 23:19:00,6326,9,,,,,,,,2,1,,,,,Failed attempt,No attempt,No attempt,"3 - Decent, they get around, could do better",Light,Somewhat effective,No,,N/A,,,,,Yes
3/16/2024 23:22:43,2537,9,,,,,,,,,,2,,,,Failed attempt,No attempt,No attempt,"2 - Mostly lost, but had some use",Light,Somewhat effective,No,crashed a couple of times into the stage,N/A,,,,,
3/16/2024 23:26:10,9072,9,,2,,,,,,,,5,1,,,No attempt,No attempt,No attempt,"3 - Decent, they get around, could do better",Light,Not effective,Yes,"stopped towards the end, didn't work",N/A,,,Yes,Yes,Yes
3/16/2024 23:28:39,1908,9,Source,,1,,,,,,,6,,,,Failed attempt,No attempt,No attempt,"4 - Good, slight hesitation, but seemed purposeful",None,N/A,No,,N/A,,,,,
3/16/2024 23:33:16,614,9,Center,2,,,,,,4,,1,,,,Successful attempt,No attempt,No attempt,"3 - Decent, they get around, could do better",None,N/A,No,takes a long time to score on amp.  climbed early (too early) but then tried again,N/A,,,Yes,Yes,Yes
3/16/2024 23:35:55,3793,9,Source,,1,,,,,,,,,,,No attempt,No attempt,No attempt,"2 - Mostly lost, but had some use",None,N/A,No,no idea what he was doing,N/A,,,No,No,Yes
3/16/2024 23:01:06,8514,10,,,,1,,,,1,,,,,,No attempt,No attempt,No attempt,"1 - Completely lost, not contributing in any way",None,N/A,Yes,not great,N/A,,,,,
3/16/2024 23:05:27,4638,10,Amp,,,,,,,,,,,,,No attempt,No attempt,No attempt,,None,N/A,No,"not connected to field, just sat there",,,,,,
3/16/2024 23:27:22,1389,10,Center,1,,,,,,2,,1,,,,Failed attempt,No attempt,No attempt,"3 - Decent, they get around, could do better",None,N/A,No,,,,,,,
3/16/2024 23:28:23,1418,10,Center,1,1,,,,,4,1,1,1,,,Failed attempt,No attempt,No attempt,"3 - Decent, they get around, could do better",None,N/A,No,,N/A,,,No,No,Yes
3/16/2024 23:31:06,5115,10,Center,,1,,,,,1,1,1,,,,Successful attempt,No attempt,Successful attempt,,None,N/A,No,"Stalled after auto, got back in with 1:11 left",,,,,,Yes
3/16/2024 23:32:34,116,10,Source,,,,,,,,,2,2,,,Failed attempt,No attempt,No attempt,"2 - Mostly lost, but had some use",None,N/A,No,Slow moving and did not attempt a lot of points ,N/A,,,,,Yes
3/16/2024 23:03:07,888,11,Center,2,,,,,,,,,1,2,,No attempt,No attempt,No attempt,,Heavy,Significantly effective,No,"fouls: first was dumb, not their fault.  2nd: note got stuck under for last 40 causing climbing foul",,,,Yes,Yes,Yes
3/16/2024 23:07:16,4541,11,Center,2,,,,,,2,,2,2,,,No attempt,No attempt,No attempt,"4 - Good, slight hesitation, but seemed purposeful",Heavy,Somewhat effective,No,"started to play defense at the end, may have damaged shooter when running into the stage",Not effective,,,,,
3/16/2024 23:28:12,4464,11,Source,,,,,,,,,1,,,,No attempt,No attempt,No attempt,"1 - Completely lost, not contributing in any way",None,N/A,No,,,,,,,
3/16/2024 23:29:43,1111,11,Amp,,,,,,,,,,,2,,No attempt,No attempt,No attempt,"3 - Decent, they get around, could do better",None,N/A,No,,Somewhat effective,,,No,No,No
3/16/2024 23:32:44,1727,11,Amp,3,2,,,,,2,,2,,,,Successful attempt,No attempt,No attempt,"4 - Good, slight hesitation, but seemed purposeful",Light,Somewhat effective,Yes,Defended against. Moved slow w/ 45s left,,1,,Yes,Yes,Yes
3/16/2024 23:34:24,1629,11,Source,3,,,,,,,1,5,2,,,No attempt,No attempt,No attempt,"5 - Fantastic, every move purposeful, wastes no time",None,N/A,No,"Fast, good handling 
made point towards end and rushed to stage ",N/A,,,Yes,Yes,Yes
3/16/2024 23:03:53,1446,12,,,,,,,,,,,,,,No attempt,No attempt,No attempt,,None,N/A,No,no show,,,,,,
3/16/2024 23:08:40,8726,12,Amp,1,,,,,,,,5,,,,No attempt,No attempt,No attempt,"3 - Decent, they get around, could do better",Light,Not effective,No,"didn't move with purpose, didn't intake very well",N/A,,,,,
3/16/2024 23:29:08,2849,12,,,,,,,,2,,1,,,,No attempt,No attempt,No attempt,"1 - Completely lost, not contributing in any way",None,N/A,No,,,,,,,Yes
3/16/2024 23:31:06,4456,12,Center,3,,,,,,,,3,,,,Successful attempt,Successful attempt,No attempt,"4 - Good, slight hesitation, but seemed purposeful",Light,Not effective,No,,N/A,,,,,
3/16/2024 23:34:10,2900,12,Source,,,,,,,,,,,,,No attempt,No attempt,No attempt,"1 - Completely lost, not contributing in any way",None,N/A,No,"Loose bumper corners. No moving in auto. Defense only, not good at it. Blocked their own team too.",,,,,,
3/16/2024 23:36:47,7770,12,Center,1,,,,,,,,,,,,Successful attempt,No attempt,No attempt,"2 - Mostly lost, but had some use",Heavy,Somewhat effective,No,"not fast, having some trouble switched to defense ",Not effective,,,Yes,Yes,No
3/16/2024 23:04:55,2377,13,Source,1,,,,,,,,1,,,,No attempt,No attempt,No attempt,"3 - Decent, they get around, could do better",None,N/A,Yes,Intake malfunctioned. Got hit at 45sec left and turned off.,N/A,,,No,No,
3/16/2024 23:17:13,8326,13,Center,2,,,,,,3,,2,,,,Successful attempt,No attempt,No attempt,"5 - Fantastic, every move purposeful, wastes no time",Light,Not effective,No,,,,,,,Yes
3/16/2024 23:19:58,5243,13,Amp,,,,,,,,,,,,,No attempt,No attempt,No attempt,"1 - Completely lost, not contributing in any way",None,N/A,No,No auto. Made of wood. Little movement. Tank drive,,,,,,
3/16/2024 23:23:21,7886,13,,,,,,,,,,,,,,No attempt,No attempt,No attempt,,None,N/A,No,No show,,,,,,
3/17/2024 7:59:24,6326,13,Amp,1,,,,,,,1,,,1,,No attempt,No attempt,No attempt,"3 - Decent, they get around, could do better",Glued to them,Somewhat effective,No,Maybe broken?,N/A,2,,No,No,Yes
3/16/2024 22:18:31,3748,14,Source,,,,,,,,,2,1,,,Failed attempt,No attempt,No attempt,"2 - Mostly lost, but had some use",None,N/A,No,,N/A,,,No,No,No
3/16/2024 23:06:29,686,14,Amp,,4,,,,,,,4,3,,,No attempt,No attempt,No attempt,"4 - Good, slight hesitation, but seemed purposeful",None,N/A,No,"Shots all missed, then made last 4",N/A,1,,,,Yes
3/16/2024 23:18:04,5115,14,Amp,1,,,,,,4,,,,,,Successful attempt,No attempt,No attempt,"2 - Mostly lost, but had some use",None,N/A,No,,,,,,,Yes
3/16/2024 23:21:01,2914,14,Source,,,,,,,,,,,,,No attempt,No attempt,No attempt,"1 - Completely lost, not contributing in any way",None,N/A,No,Stalled @ 1:45. Defense for 5s,,,,,,
3/16/2024 23:24:50,9072,14,Center,3,1,,,,,,,9,4,,,No attempt,No attempt,No attempt,"5 - Fantastic, every move purposeful, wastes no time",Light,Not effective,No,Started to stutter at end. Maybe stuck on note?,,,,Yes,Yes,Yes
3/17/2024 8:00:44,1418,14,Center,,,,,,,1,,,,,,Successful attempt,No attempt,No attempt,"1 - Completely lost, not contributing in any way",Light,Not effective,No,Bangs into walls and wasn't picking anything up,N/A,,,No,No,No
3/16/2024 22:59:44,1629,15,Amp,1,,,,,,,,10,,,,No attempt,No attempt,No attempt,"5 - Fantastic, every move purposeful, wastes no time",Light,Significantly effective,No,Very accurate. Can pick up notes quick. Stole note from other side.,N/A,,,Yes,Yes,Yes
3/16/2024 23:07:51,1719,15,Source,,1,,,,,,,,2,,,Successful attempt,No attempt,No attempt,"3 - Decent, they get around, could do better",None,N/A,Yes,Lost comms for 40s,N/A,,,,,
3/16/2024 23:19:01,8514,15,Source,,,,,,,1,,,,,,No attempt,No attempt,No attempt,"1 - Completely lost, not contributing in any way",None,N/A,Yes,,,,,,,
3/16/2024 23:22:33,1908,15,Center,1,,,,,,,,3,4,,,No attempt,No attempt,No attempt,"3 - Decent, they get around, could do better",Heavy,Significantly effective,No,Bumpers too low for intake. Blocked speaker 4x,,2,,,,Yes
3/16/2024 23:26:10,5841,15,Source,1,,,,,,,,,3,,,No attempt,No attempt,No attempt,"2 - Mostly lost, but had some use",None,N/A,No,Trouble w/ intake. Not good,,,,,,
3/17/2024 8:02:46,1111,15,Source,,,,,,,,,,,,,No attempt,No attempt,No attempt,"3 - Decent, they get around, could do better",None,N/A,No,,Somewhat effective,,,No,No,No
3/16/2024 22:54:46,8726,16,Center,1,,,,,,,,5,1,,,No attempt,No attempt,No attempt,"4 - Good, slight hesitation, but seemed purposeful",None,N/A,No,,N/A,,,No,No,Yes
3/16/2024 23:09:31,1446,16,Source,,,,,,,,,,,,,No attempt,No attempt,No attempt,"1 - Completely lost, not contributing in any way",None,N/A,No,Drove into corner entire match. Drivetrain issue?,,,,,,
3/16/2024 23:13:47,4638,16,Amp,1,,,,,,,,,1,,,Failed attempt,No attempt,No attempt,"2 - Mostly lost, but had some use",None,N/A,No,Just wandered. Trouble intaking notes. Half-heartedly played defense,,,,Yes,No,Yes
3/17/2024 0:14:41,116,16,Source,,,,,,,,1,1,1,,,No attempt,No attempt,No attempt,"2 - Mostly lost, but had some use",None,N/A,No,,N/A,,,No,No,No
3/17/2024 8:23:08,4541,16,Amp,,,,,,,5,,,2,,,No attempt,No attempt,Successful attempt,"3 - Decent, they get around, could do better",Light,Not effective,No,,N/A,,,,,
3/17/2024 8:31:57,4456,16,Center,3,,,,,,,,8,,,,No attempt,No attempt,No attempt,"3 - Decent, they get around, could do better",None,N/A,No,"Picked up all notes at source in tele op 
Smooth, slower, consistent ",N/A,,,No,No,Yes
3/16/2024 22:56:23,1727,17,Center,4,,,,,,,,6,,,,Failed attempt,No attempt,No attempt,"5 - Fantastic, every move purposeful, wastes no time",Light,Not effective,No,,N/A,,,No,No,Yes
3/16/2024 23:01:25,2199,17,Amp,,,,,,,3,,,,,,No attempt,No attempt,No attempt,,None,N/A,Yes,Note stuck and stopped moving,,,,No,No,No
3/16/2024 23:10:33,1389,17,Source,1,,,,,,4,,1,1,,,No attempt,No attempt,No attempt,"4 - Good, slight hesitation, but seemed purposeful",None,N/A,No,Lost comms for ~20s at beginning,,,,,,
3/16/2024 23:14:36,7770,17,Center,,1,,,,,,,,,,,No attempt,No attempt,No attempt,,None,N/A,Yes,Lost comms. Dead in water,,,,,,
3/17/2024 0:15:40,6213,17,Amp,,,,,,,,,,,,,No attempt,No attempt,No attempt,"1 - Completely lost, not contributing in any way",None,N/A,No,No show,N/A,,,No,No,No
3/17/2024 8:24:07,2900,17,Center,,,,,,,,,,,,,No attempt,No attempt,No attempt,"1 - Completely lost, not contributing in any way",Glued to them,Somewhat effective,No,,N/A,,,,,
3/17/2024 8:28:23,6213,17,Amp,,,,,,,,,,,,,No attempt,No attempt,No attempt,"1 - Completely lost, not contributing in any way",None,N/A,Yes,Broken not on field,,,,,,
3/16/2024 22:58:10,614,18,Source,,2,,,,,3,,,1,,,Successful attempt,No attempt,No attempt,"3 - Decent, they get around, could do better",Heavy,Significantly effective,No,,,,,Yes,No,Yes
3/16/2024 23:02:46,4464,18,Source,1,,,,,,,,,1,,,No attempt,No attempt,No attempt,"1 - Completely lost, not contributing in any way",None,N/A,Yes,Driving around with note stuck aimlessly. Terrible.,N/A,,,No,No,No
3/16/2024 23:11:11,2849,18,,,,,,,,,,,,,,No attempt,No attempt,No attempt,,None,N/A,No,No show,,,,,,
3/16/2024 23:16:10,8622,18,Center,1,1,,,,,,1,,1,,,No attempt,No attempt,No attempt,"2 - Mostly lost, but had some use",None,N/A,Yes,"White thing hanging, not sure if that was a belt or cable? Didn't pick up notes, no power behind shots.",,,,,,
3/17/2024 8:30:02,2537,18,Amp,1,,,,,,,2,2,1,,,No attempt,No attempt,No attempt,"3 - Decent, they get around, could do better",Light,Somewhat effective,No,,,,,,,
3/17/2024 8:33:39,888,18,Center,,4,,,,,,,6,1,,,No attempt,No attempt,No attempt,"3 - Decent, they get around, could do better",Light,Significantly effective,No,Hard time scoring speaker at angle ,N/A,4,,,,
3/17/2024 8:25:06,1719,19,Center,,,,,,,,,,,,,No attempt,No attempt,No attempt,"1 - Completely lost, not contributing in any way",None,N/A,No,,,,,,,
3/17/2024 8:30:54,5841,19,Source,1,,,,,,,,,,,,No attempt,No attempt,No attempt,"1 - Completely lost, not contributing in any way",None,N/A,Yes,,N/A,,,No,No,No
3/17/2024 8:32:19,9072,19,Center,1,,,,,,,,7,,,,No attempt,No attempt,No attempt,,Light,Somewhat effective,No,"Good, but same auto",,,,Yes,Yes,Yes
3/17/2024 8:34:33,1418,19,Amp,,1,,,,,4,,1,,,,No attempt,No attempt,No attempt,"4 - Good, slight hesitation, but seemed purposeful",None,N/A,No,Auto speaker shot blocked by another shot,N/A,,,No,No,No
3/17/2024 8:35:00,3793,19,Source,,,,,,,2,,1,,,,No attempt,No attempt,No attempt,"2 - Mostly lost, but had some use",None,N/A,No,Weak shooter-speaker slower,N/A,,,No,No,Yes
3/17/2024 8:37:50,7886,19,Center,,,,,,,,,,,,,No attempt,No attempt,No attempt,"1 - Completely lost, not contributing in any way",None,N/A,Yes,First match but still was malfunctioning ,N/A,,,No,No,No
3/17/2024 8:26:49,1629,20,Amp,3,,,,,,,,8,,,,No attempt,No attempt,No attempt,"5 - Fantastic, every move purposeful, wastes no time",None,N/A,No,,N/A,,,Yes,Yes,Yes
3/17/2024 8:34:14,116,20,Center,,,,,,,,,2,,,,No attempt,No attempt,No attempt,"2 - Mostly lost, but had some use",None,N/A,No,"Can't intake against wall, bumpers push note",N/A,,,No,No,No
3/17/2024 8:35:38,2914,20,Center,,,,,,,,,,1,,,No attempt,No attempt,No attempt,"1 - Completely lost, not contributing in any way",Light,Shut them down,No,"Had movement issues, stopped working in center of the field ",Not effective,,,No,No,No
3/17/2024 8:36:35,8326,20,Source,1,,,,,,,,1,1,,,Successful attempt,No attempt,No attempt,"3 - Decent, they get around, could do better",None,N/A,Yes,Lost intake bar. Attempted climb early,N/A,,,No,No,No
3/17/2024 8:38:39,1446,20,Source,,,,,,,,,,,,,No attempt,No attempt,No attempt,"1 - Completely lost, not contributing in any way",None,N/A,Yes,Staged in the corner,N/A,,,No,No,No
3/17/2024 8:28:49,4541,21,Center,1,1,,,,,4,,,2,,,No attempt,No attempt,No attempt,"4 - Good, slight hesitation, but seemed purposeful",Light,Significantly effective,No,,N/A,,,No,No,No
3/17/2024 8:35:27,2900,21,Source,,,,,,,,,,,,,Failed attempt,No attempt,No attempt,"1 - Completely lost, not contributing in any way",None,N/A,No,"Bumper covers drag, not great defence",N/A,,,No,No,No
3/17/2024 8:35:44,1908,21,Amp,,1,,,,,,,3,1,,,Failed attempt,No attempt,Failed attempt,"4 - Good, slight hesitation, but seemed purposeful",None,N/A,No,,N/A,,,No,No,No
3/17/2024 8:37:10,3748,21,Center,1,,,,,,2,,2,,,,Failed attempt,No attempt,No attempt,"4 - Good, slight hesitation, but seemed purposeful",Heavy,Somewhat effective,No,Good at scoring and good control of robot ,,,,Yes,No,No
3/17/2024 8:38:05,2377,21,Source,2,,1,,,,1,,2,,,,No attempt,No attempt,No attempt,"3 - Decent, they get around, could do better",None,N/A,No,,N/A,,,No,No,No
3/17/2024 8:40:12,5243,21,Amp,,,,,,,,,,,,,No attempt,No attempt,No attempt,"1 - Completely lost, not contributing in any way",None,N/A,No,Drovemover to the other side and stayed there without defence,N/A,,,No,No,No
3/17/2024 8:28:48,614,22,Center,3,,,,,,,,,,,,Successful attempt,No attempt,No attempt,"4 - Good, slight hesitation, but seemed purposeful",Heavy,Somewhat effective,No,,N/A,,,No,No,No
3/17/2024 8:30:51,7770,22,Center,,1,,,,,,,,,,,Successful attempt,No attempt,No attempt,"1 - Completely lost, not contributing in any way",None,N/A,Yes,"Broke, drove around and did not do a good job playing defense",N/A,,,No,No,No
3/17/2024 8:36:15,8622,22,Source,,1,,,,,,,,,,,Failed attempt,No attempt,No attempt,"2 - Mostly lost, but had some use",None,N/A,No,Defense only,N/A,,,No,No,Yes
3/17/2024 8:37:31,5115,22,Amp,1,,,,,,3,1,1,,,,Failed attempt,No attempt,No attempt,"4 - Good, slight hesitation, but seemed purposeful",Light,Somewhat effective,No,,N/A,,,No,No,No
3/17/2024 8:38:43,1727,22,Amp,1,,,,,,6,,4,,,,Failed attempt,Failed attempt,No attempt,"5 - Fantastic, every move purposeful, wastes no time",Light,Somewhat effective,No,"Great, fast main scorer on team. Great control scored everything they tried to. ",,,,No,No,No
3/17/2024 8:40:38,8726,22,Source,1,,,,,,,,3,,,,No attempt,No attempt,No attempt,"3 - Decent, they get around, could do better",Light,Somewhat effective,Yes,Stopped at end and didn't move,N/A,,,No,No,No
3/17/2024 7:50:58,2199,23,Center,,1,,,,,,,,,,,No attempt,No attempt,No attempt,"2 - Mostly lost, but had some use",None,N/A,No,"Bag intake
Weak shooter",N/A,,,No,No,No
3/17/2024 8:30:51,4456,23,Center,1,,,,,,,,1,2,,,Successful attempt,Successful attempt,Successful attempt,"3 - Decent, they get around, could do better",Light,Somewhat effective,No,"Harmony with 1389, floor intake floppy and inefficient ",N/A,,,No,No,No
3/17/2024 8:30:56,1389,23,,,,,,,,4,,,,1,,No attempt,No attempt,No attempt,"5 - Fantastic, every move purposeful, wastes no time",None,N/A,No,,N/A,,,No,No,No
3/17/2024 8:32:20,4464,23,Amp,,,,,,,,,,1,,,No attempt,No attempt,No attempt,"1 - Completely lost, not contributing in any way",None,N/A,Yes,Note intake wasn’t working right. It banged into its opponent really hard while on the stage ,N/A,,,No,No,No
3/17/2024 8:37:21,6213,23,Source,,,,,,,,,,,,,No attempt,No attempt,No attempt,"1 - Completely lost, not contributing in any way",None,N/A,Yes,"Dead after auto
Moved by source ",N/A,,,No,No,No
3/17/2024 8:31:20,6326,24,Source,1,,,,,,2,1,,,,,No attempt,No attempt,No attempt,"3 - Decent, they get around, could do better",Heavy,Somewhat effective,No,,N/A,,,No,No,No
3/17/2024 8:31:48,2849,24,,,,,,,,,,,,,,No attempt,No attempt,No attempt,,None,N/A,No,No show,N/A,,,No,No,No
3/17/2024 8:32:32,686,24,Amp,4,,,,,,,,4,,,,No attempt,No attempt,No attempt,"5 - Fantastic, every move purposeful, wastes no time",None,N/A,No,,N/A,,,No,No,No
3/17/2024 8:33:55,4638,24,Center,2,,,,,,,,,,,,Successful attempt,No attempt,No attempt,"2 - Mostly lost, but had some use",None,N/A,No,"Stole 686 notes that were shot to other end and they were not on the same team
 ",N/A,,,Yes,Yes,No
3/17/2024 8:33:57,888,24,Amp,2,,,,,,,,4,3,,,Failed attempt,No attempt,No attempt,"3 - Decent, they get around, could do better",None,N/A,No,,N/A,,,No,No,Yes
3/17/2024 8:39:36,8514,24,Source,,,,,,,1,,,,,,No attempt,No attempt,No attempt,"2 - Mostly lost, but had some use",None,N/A,No,Defense mostly couldn’t intake ,Somewhat effective,,,No,No,No
3/17/2024 7:40:20,3793,25,Amp,,,,,,,,,,,,,No attempt,No attempt,No attempt,"2 - Mostly lost, but had some use",None,N/A,No,Arm didn't work,Not effective,,,No,No,Yes
3/17/2024 7:41:18,2900,25,Source,,,,,,,,,,3,,,No attempt,No attempt,No attempt,"1 - Completely lost, not contributing in any way",None,N/A,No,,N/A,,,No,No,No
3/17/2024 7:55:39,116,25,Source,,,,,,,,,4,,,,No attempt,No attempt,No attempt,"3 - Decent, they get around, could do better",None,N/A,No,Tank drive,N/A,,,No,No,No
3/17/2024 8:29:43,2537,25,Amp,,1,,,,,4,,2,,,,Successful attempt,No attempt,No attempt,"4 - Good, slight hesitation, but seemed purposeful",Light,Somewhat effective,No,,N/A,,,No,No,No
3/17/2024 8:32:44,2377,25,Source,1,,,,,,,,1,,,,Failed attempt,No attempt,No attempt,"3 - Decent, they get around, could do better",None,N/A,Yes,Climb broke while trying to climb with buddy,N/A,,,No,No,No
3/17/2024 8:34:10,9072,25,Center,,1,,,,,,,1,,,,No attempt,No attempt,No attempt,"4 - Good, slight hesitation, but seemed purposeful",Light,N/A,Yes,"Stopped for a bit, then could not intake and went to defense",Somewhat effective,,,Yes,No,Yes
3/17/2024 8:39:07,1908,25,Center,1,1,,,,,,,6,2,,,Successful attempt,No attempt,No attempt,"3 - Decent, they get around, could do better",Light,Not effective,No,,N/A,2,,No,No,No
3/17/2024 0:43:54,5841,26,Amp,,,,,,,,,,,,,Failed attempt,No attempt,No attempt,"1 - Completely lost, not contributing in any way",None,N/A,Yes,"Broke down by chain, so lifted one arm to climb and failed",N/A,,,No,No,No
3/17/2024 0:56:07,7770,26,Source,,,,,,,,,,2,,,Successful attempt,No attempt,No attempt,"2 - Mostly lost, but had some use",None,N/A,No,"Someone lost a belt, not sure who",N/A,,,No,No,No
3/17/2024 7:37:23,3748,26,Center,1,,,,,,2,1,1,2,,,Failed attempt,No attempt,No attempt,"3 - Decent, they get around, could do better",None,N/A,No,,N/A,,,No,No,No
3/17/2024 7:46:15,2914,26,Source,,,,,,,,,,1,,,No attempt,No attempt,No attempt,"1 - Completely lost, not contributing in any way",None,N/A,No,"No intake
Gave up and parked middle stage",N/A,,,No,No,No
3/17/2024 7:57:21,1629,26,Center,2,,,,,,,,14,,,,No attempt,No attempt,No attempt,"5 - Fantastic, every move purposeful, wastes no time",None,N/A,No,-_-,N/A,,,Yes,Yes,Yes
3/17/2024 0:35:16,1719,27,Source,1,,,,,,,,3,,,,No attempt,No attempt,No attempt,"2 - Mostly lost, but had some use",None,N/A,No,"Stopped after 30 sec
Slow shooting",N/A,,,No,No,No
3/17/2024 0:45:28,4541,27,Center,,,,,,,4,,4,1,,,No attempt,No attempt,No attempt,"5 - Fantastic, every move purposeful, wastes no time",Light,Somewhat effective,No,,N/A,,,No,No,No
3/17/2024 7:33:14,6213,27,Source,,,,,,,,,,,,,No attempt,No attempt,No attempt,"1 - Completely lost, not contributing in any way",None,N/A,No,Completely ineffective defense the whole time,Not effective,,,No,No,No
3/17/2024 7:38:38,8622,27,Amp,1,,,,,,,,2,,,,No attempt,No attempt,No attempt,"2 - Mostly lost, but had some use",None,N/A,Yes,Stopped moving mid game,N/A,,,No,No,No
3/17/2024 7:42:28,5115,27,Amp,1,,,,,,2,2,2,1,,,Failed attempt,No attempt,No attempt,"3 - Decent, they get around, could do better",None,N/A,No,,N/A,,,No,No,Yes
3/17/2024 7:48:56,1446,27,Amp,,,,,,,,,,,,,No attempt,No attempt,No attempt,"1 - Completely lost, not contributing in any way",None,N/A,No,No show,N/A,,,No,No,No
3/16/2024 22:17:02,888,28,,2,1,,,,,,,3,3,1,,Successful attempt,No attempt,No attempt,"4 - Good, slight hesitation, but seemed purposeful",None,Not effective,No,,N/A,,,Yes,No,Yes
3/17/2024 0:18:17,8726,28,Amp,1,1,,,,,,,5,2,,,No attempt,No attempt,No attempt,"4 - Good, slight hesitation, but seemed purposeful",None,N/A,No,,N/A,,,No,No,No
3/17/2024 0:21:58,5243,28,Source,,,,,,,,,,,,,No attempt,No attempt,No attempt,"1 - Completely lost, not contributing in any way",None,N/A,No,"Robot didn't work, no defense attempt",N/A,,,No,No,No
3/17/2024 0:37:46,6326,28,Source,1,,,,,,,,2,3,,,Successful attempt,No attempt,Successful attempt,"3 - Decent, they get around, could do better",Light,Somewhat effective,No,"Potential
Strong against weaker defenses",N/A,3,,No,No,No
3/17/2024 0:48:36,1418,28,Amp,,1,,,,,2,,2,1,,,Successful attempt,No attempt,No attempt,"3 - Decent, they get around, could do better",Heavy,Significantly effective,No,Temporarily lost comms in middle of match,N/A,,,No,No,No
3/17/2024 7:35:02,4464,28,Center,,1,,,,,,,,,,,No attempt,No attempt,No attempt,"1 - Completely lost, not contributing in any way",None,N/A,No,Possibly broken,N/A,,,No,No,No
3/17/2024 7:44:52,8326,28,Center,1,,,,,,4,,1,,,,No attempt,No attempt,No attempt,"3 - Decent, they get around, could do better",None,N/A,No,Slow intake,N/A,,,No,No,Yes
3/16/2024 22:15:42,1111,29,,1,,,,,,,,,,1,,No attempt,No attempt,No attempt,"4 - Good, slight hesitation, but seemed purposeful",None,N/A,No,defense on 686,Somewhat effective,,,,,
3/16/2024 23:32:00,686,29,Source,1,,,,,,1,,2,,,,No attempt,No attempt,No attempt,"4 - Good, slight hesitation, but seemed purposeful",Heavy,Significantly effective,No,,N/A,3,,No,No,No
3/17/2024 0:09:40,4456,29,Amp,1,,,,,,,,,2,,,Successful attempt,No attempt,Successful attempt,"4 - Good, slight hesitation, but seemed purposeful",Heavy,Somewhat effective,No,,N/A,,,No,No,No
3/17/2024 0:19:31,2849,29,Source,,,,,,,,,,,,,No attempt,No attempt,No attempt,"1 - Completely lost, not contributing in any way",None,N/A,No,No show,N/A,,,No,No,No
3/17/2024 0:23:44,614,29,Center,2,,,,,,2,,1,2,,,Successful attempt,No attempt,No attempt,"4 - Good, slight hesitation, but seemed purposeful",None,N/A,No,"Stupidly drove under hanging teammate
Used 686 passed notes",N/A,,,Yes,No,Yes
3/17/2024 0:41:31,1389,29,Center,1,,,,,,,,6,,,,Successful attempt,No attempt,No attempt,"4 - Good, slight hesitation, but seemed purposeful",Light,Not effective,No,Fast climbs,N/A,,,No,No,No
3/16/2024 23:26:09,1727,30,Center,,,,,,,,,,,,,No attempt,No attempt,No attempt,"1 - Completely lost, not contributing in any way",None,N/A,No,Field error - throw out?,N/A,,,No,No,No
3/17/2024 0:06:06,2537,30,Center,1,1,,,,,1,1,,1,,,No attempt,No attempt,No attempt,"2 - Mostly lost, but had some use",None,N/A,Yes,Broke down in middle of game,N/A,,,No,No,No
3/17/2024 0:10:56,7886,30,Source,,,,,,,,,,,,,No attempt,No attempt,No attempt,"1 - Completely lost, not contributing in any way",None,N/A,No,Drove under stage and stayed for entire match,N/A,,,No,No,No
3/17/2024 0:17:05,2199,30,Amp,,1,,,,,5,,1,1,,,Failed attempt,No attempt,No attempt,"3 - Decent, they get around, could do better",None,N/A,No,,N/A,,,No,No,No
3/17/2024 0:20:24,8514,30,Center,,,,,,,,,,,,,No attempt,No attempt,No attempt,"1 - Completely lost, not contributing in any way",None,N/A,No,No show,N/A,,,No,No,No
3/17/2024 0:30:26,4638,30,Source,,1,,,,,,,3,1,,,No attempt,No attempt,No attempt,"2 - Mostly lost, but had some use",None,N/A,No,Not great,N/A,,,Yes,No,Yes
3/16/2024 23:03:25,9072,31,Center,2,2,,,,,,,8,3,,,No attempt,No attempt,No attempt,"4 - Good, slight hesitation, but seemed purposeful",None,N/A,No,,N/A,,,No,No,No
3/16/2024 23:11:52,1908,31,Center,2,1,,,,,,,3,3,,,Failed attempt,No attempt,Successful attempt,"4 - Good, slight hesitation, but seemed purposeful",None,N/A,No,,N/A,,,No,No,No
3/16/2024 23:17:51,2900,31,Center,,,,,,,,1,,,,,No attempt,No attempt,No attempt,"1 - Completely lost, not contributing in any way",Light,Somewhat effective,No,Missed amp with preloaded note and could not pick up any more ,N/A,,,No,No,No
3/16/2024 23:24:09,1719,31,Source,,1,,,,,,,2,,,,Successful attempt,No attempt,No attempt,"2 - Mostly lost, but had some use",None,N/A,Yes,"Not as quick, does not pick up as fast 
seems  to break towards end ",N/A,,,No,No,No
3/16/2024 23:28:08,4541,31,Amp,1,,,,,,5,,,,,,No attempt,No attempt,No attempt,"3 - Decent, they get around, could do better",None,N/A,No,,N/A,,,No,No,No
3/17/2024 0:07:27,6213,31,Amp,,,,,,,,,,,,,No attempt,No attempt,No attempt,"1 - Completely lost, not contributing in any way",None,N/A,Yes,Drove in circles on their side,N/A,,,No,No,No
3/17/2024 0:12:08,116,31,Source,,,,,,,,,,,,,No attempt,No attempt,No attempt,"1 - Completely lost, not contributing in any way",None,N/A,No,,Not effective,,,No,No,No
3/16/2024 23:09:07,1629,32,Center,1,,,,,,,,11,2,,,Successful attempt,No attempt,No attempt,"5 - Fantastic, every move purposeful, wastes no time",Light,Not effective,No,Fast and scored a lot ,N/A,,,No,No,No
3/16/2024 23:13:00,6326,32,Amp,1,,,,,,,,,1,,,Successful attempt,No attempt,Successful attempt,"4 - Good, slight hesitation, but seemed purposeful",None,N/A,No,,Somewhat effective,,,No,No,No
3/16/2024 23:20:29,2377,32,Source,1,,,,,,2,,1,,,,Successful attempt,No attempt,No attempt,"3 - Decent, they get around, could do better",Heavy,Significantly effective,No,Would have done much better if not for defense. Locked on other side for a soild 30 seconds buy defense ,N/A,,,,Yes,
3/16/2024 23:25:31,8622,32,Center,1,,,,,,,,,,,,No attempt,No attempt,No attempt,,None,N/A,Yes,"Grandma driver 
wheel broke? not driving ",,,,No,No,No
3/16/2024 23:30:12,1418,32,Amp,1,,,,,,,,2,,,,No attempt,No attempt,No attempt,"2 - Mostly lost, but had some use",None,N/A,Yes,"Died with 35sec left
Fragile
Floppy shooter ",N/A,,,No,No,No
3/16/2024 23:03:51,686,33,Source,3,,,,,,,,4,,,,No attempt,No attempt,No attempt,"3 - Decent, they get around, could do better",None,N/A,Yes,"During auto shooter did not lower, hit chain under stage shooter twisted ",N/A,,,No,No,Yes
3/16/2024 23:10:14,3793,33,Source,,,,,,,4,,,,,,No attempt,No attempt,No attempt,"3 - Decent, they get around, could do better",None,N/A,No,Extremely slow moving ,N/A,,,No,No,No
3/16/2024 23:14:26,4456,33,Center,4,,,,,,,,6,,,,No attempt,No attempt,No attempt,"5 - Fantastic, every move purposeful, wastes no time",Light,Not effective,No,"Did really well this  time
Consistent shooting ",N/A,,,,,
3/16/2024 23:15:27,5841,33,Amp,,1,,,,,,,1,2,,,No attempt,No attempt,No attempt,"3 - Decent, they get around, could do better",Light,Not effective,No,,N/A,,,No,No,No
3/16/2024 23:22:21,888,33,Amp,2,,,,,,,,5,3,,,Failed attempt,No attempt,No attempt,"4 - Good, slight hesitation, but seemed purposeful",Light,Not effective,No,"Driving was good, accuracy was dubious ",N/A,,,Yes,Yes,Yes
3/16/2024 23:26:46,5115,33,Center,1,,,,,,1,1,2,1,,,No attempt,No attempt,No attempt,"2 - Mostly lost, but had some use",None,N/A,No,,N/A,,,No,No,No
3/16/2024 22:45:16,8514,34,,,,,,,,,,,,,,No attempt,No attempt,No attempt,,None,N/A,No,NO SHOW,,,,,,
3/16/2024 22:55:13,8726,34,Source,,,,,,,,,,,,,No attempt,No attempt,No attempt,,None,N/A,Yes,All robots hanging no one moving ,,,,No,No,No
3/16/2024 22:59:42,4464,34,Center,,1,,,,,,,,2,,,No attempt,No attempt,No attempt,"1 - Completely lost, not contributing in any way",None,N/A,No,,N/A,,,No,No,No
3/16/2024 23:05:05,2914,34,Source,,,,,,,,,,,,,No attempt,No attempt,No attempt,,None,N/A,No,Did nothing went to stage ,,,,,,
3/16/2024 23:11:20,1146,34,Source,,,,,,,,,,,,,No attempt,No attempt,No attempt,"1 - Completely lost, not contributing in any way",None,N/A,Yes,Completely shut down on field ,N/A,,,No,No,No
3/16/2024 23:15:50,1727,34,Amp,,,,,,,,,,,,,No attempt,No attempt,No attempt,,None,N/A,No,"??? No idea what happened in this entire match? 
Final 4 to 5",,,,No,No,No
3/16/2024 22:12:53,5243,35,Source,,,,,,,,,,,,,No attempt,No attempt,No attempt,"1 - Completely lost, not contributing in any way",None,N/A,No,,N/A,,,No,No,No
3/16/2024 22:40:06,2537,35,Amp,,1,,,,,,1,1,,,,No attempt,No attempt,No attempt,"2 - Mostly lost, but had some use",Light,Somewhat effective,Yes,Broke on field while trying to score in the speaker ,N/A,,,No,No,No
3/16/2024 22:48:41,1389,35,Source,1,,,,,,4,,,1,1,,Successful attempt,No attempt,Successful attempt,"5 - Fantastic, every move purposeful, wastes no time",Light,Not effective,No,"Human player got foul for grabbing note on back side of amp-yellow card 
quick aimber ",N/A,,,No,No,No
3/16/2024 22:57:03,3748,35,Center,1,,,,,,,,,,,,No attempt,No attempt,No attempt,,None,N/A,No,"Seems to have trouble driving
Did not make it to center line ",,,,No,No,No
3/16/2024 23:01:43,4638,35,Center,2,,,,,,,,,3,,,No attempt,No attempt,No attempt,"2 - Mostly lost, but had some use",None,N/A,No,,N/A,,,No,No,No
3/16/2024 23:06:35,614,35,Center,3,,,,,,3,1,3,,,,Failed attempt,No attempt,No attempt,"4 - Good, slight hesitation, but seemed purposeful",Light,Not effective,Yes,"Lost a bearing 
looked good ",N/A,1,,,,
3/16/2024 22:19:51,2199,36,Center,,1,,,,,,1,4,1,,,No attempt,No attempt,No attempt,"3 - Decent, they get around, could do better",None,N/A,No,,N/A,,,No,No,No
3/16/2024 22:23:32,2849,36,Amp,1,,,,1,,,,,,,,No attempt,No attempt,No attempt,"1 - Completely lost, not contributing in any way",None,N/A,No,Died at source ,N/A,,,,,
3/16/2024 22:37:00,8326,36,Amp,,,,,,,2,,4,,,,Successful attempt,No attempt,No attempt,"4 - Good, slight hesitation, but seemed purposeful",None,N/A,No,,N/A,,,No,No,Yes
3/16/2024 22:42:34,1111,36,Source,,,,,,,,,,,,,No attempt,No attempt,No attempt,"1 - Completely lost, not contributing in any way",None,N/A,Yes,"Broken, never moved ",N/A,,,No,No,No
3/16/2024 22:51:15,7770,36,Source,,1,,,,,,,,,,,Failed attempt,No attempt,Failed attempt,"1 - Completely lost, not contributing in any way",None,N/A,No,"Hanging from one hook
Red card on match coach for touching controls - not sure what team",N/A,,,No,No,No
3/16/2024 22:58:27,7886,36,Source,,,,,,,,,,,,,No attempt,No attempt,No attempt,,None,N/A,No,"Did not do anything
Sad robot 
Did not drive around ",,,,No,No,No
3/16/2024 22:17:43,6213,37,Source,,,,,,,,,,1,,,No attempt,No attempt,No attempt,"1 - Completely lost, not contributing in any way",None,N/A,No,,N/A,,,No,No,No
3/16/2024 22:29:20,1908,37,Source,,1,,,,,,,3,1,,,Failed attempt,No attempt,No attempt,"4 - Good, slight hesitation, but seemed purposeful",None,N/A,No,,N/A,,,No,No,No
3/16/2024 22:34:30,9072,37,Center,3,,,,,,,2,3,,,,No attempt,No attempt,Successful attempt,"4 - Good, slight hesitation, but seemed purposeful",None,N/A,Yes,connection issues breaking field,N/A,,,Yes,Yes,Yes
3/16/2024 22:44:26,1629,37,Amp,1,,,,,,,,8,1,,,No attempt,No attempt,No attempt,"5 - Fantastic, every move purposeful, wastes no time",Heavy,Somewhat effective,No,Fast and scored great ,N/A,,,No,No,No
3/16/2024 22:47:00,4456,37,Center,1,,,,,,,,1,1,1,,Failed attempt,No attempt,No attempt,"3 - Decent, they get around, could do better",None,N/A,No,,Not effective,,,Yes,No,Yes
3/16/2024 22:53:06,1418,37,Amp,,1,,,,,2,3,1,,,,Failed attempt,No attempt,No attempt,"4 - Good, slight hesitation, but seemed purposeful",Light,Not effective,No,Trouble with amp delivery ,N/A,,,No,No,No
3/16/2024 22:09:02,8622,38,Amp,1,,,,,,,,,1,,,Successful attempt,No attempt,No attempt,"2 - Mostly lost, but had some use",None,N/A,No,Jittery Jank,N/A,,,No,No,No
3/16/2024 22:25:48,888,38,Center,3,,,,,,,,4,,,,Failed attempt,No attempt,No attempt,"4 - Good, slight hesitation, but seemed purposeful",None,N/A,No,could be great,N/A,,,Yes,No,Yes
3/16/2024 22:30:55,2914,38,Source,,,,,,,,,,,,,Successful attempt,No attempt,No attempt,"1 - Completely lost, not contributing in any way",None,N/A,No,"Not programmed at all, did not move",N/A,,,No,No,No
3/16/2024 22:35:47,116,38,Amp,1,,,,,,2,,1,,,,No attempt,No attempt,Successful attempt,"2 - Mostly lost, but had some use",None,N/A,No,,N/A,,,No,No,No
3/16/2024 22:57:36,2377,38,Amp,1,,,,,,1,,3,,,,Successful attempt,No attempt,No attempt,"3 - Decent, they get around, could do better",None,N/A,Yes,"robot was jerky and couldn't drive well, so went straight to climbing",N/A,,,,,
3/16/2024 17:19:23,686,39,Amp,1,,,,,,1,,2,1,,,No attempt,No attempt,No attempt,4,Light,Somewhat effective,No,Passes 8,N/A,,,,,
3/16/2024 22:10:21,1389,39,Center,,1,,,,,2,,,,,,No attempt,No attempt,No attempt,"2 - Mostly lost, but had some use",None,N/A,No,most effective at amp,N/A,,,No,No,Yes
3/16/2024 22:18:42,3793,39,Source,,,,,,,1,,,,,,No attempt,No attempt,No attempt,"1 - Completely lost, not contributing in any way",None,N/A,Yes,"lost battery plus pulley 
attempted defense then just sat there",N/A,,,No,No,Yes
3/16/2024 22:27:41,614,39,Center,3,,,,,,,,5,,,,Successful attempt,No attempt,No attempt,"4 - Good, slight hesitation, but seemed purposeful",Light,Not effective,No,fast,N/A,,,,,
3/16/2024 22:32:39,1446,39,Amp,,,,,,,,,,,,,No attempt,No attempt,No attempt,,None,N/A,No,Driving around with note in its arm not doing anything ,,,,No,No,No
3/16/2024 22:54:01,686,39,Source,1,,,,,,1,,1,1,,,No attempt,No attempt,No attempt,"5 - Fantastic, every move purposeful, wastes no time",Heavy,Not effective,No,,N/A,,,No,No,Yes
3/16/2024 22:58:47,5841,39,Source,1,,,,,,,,2,,,,No attempt,No attempt,No attempt,"3 - Decent, they get around, could do better",None,N/A,No,robot got notes stuck underneath it and couldn't move,N/A,,,,,
3/16/2024 22:11:41,1111,40,Source,,,,,,,,,,,,,No attempt,No attempt,No attempt,"1 - Completely lost, not contributing in any way",None,N/A,No,"tech errors in the beginning, no movement until 1:00",N/A,,,No,No,No
3/16/2024 22:21:00,8726,40,Amp,,,,,,,,,,3,,,No attempt,No attempt,No attempt,"3 - Decent, they get around, could do better",None,N/A,No,"inefficient intake 
inconsistent shooting wild shots",N/A,,,No,No,No
3/16/2024 22:39:27,7770,40,Amp,,,,,,,,,1,,,,Successful attempt,No attempt,No attempt,"2 - Mostly lost, but had some use",None,N/A,No,,N/A,,,,,
3/16/2024 22:50:11,5115,40,Center,1,,,,,,,,4,,,,No attempt,No attempt,No attempt,"5 - Fantastic, every move purposeful, wastes no time",None,N/A,Yes,stopped halfway through the match,,,,No,No,Yes
3/16/2024 22:55:15,2537,40,Center,1,1,,,,,2,,,,,,Successful attempt,No attempt,Successful attempt,"3 - Decent, they get around, could do better",None,N/A,No,connectivity issues,N/A,,,,,
3/16/2024 22:59:52,5243,40,Source,,,,,,,,,,,,,No attempt,No attempt,No attempt,"1 - Completely lost, not contributing in any way",None,N/A,Yes,just moved back and forth on one spot on the field,N/A,,,,,
3/16/2024 17:35:18,4638,41,Center,,2,,,,,,,3,1,,,No attempt,No attempt,No attempt,3,None,N/A,No,"Slow but not bad
Shower had trouble",N/A,,,,,
3/16/2024 22:05:16,6326,41,Source,1,,,,,,,,2,5,,,Failed attempt,No attempt,No attempt,"2 - Mostly lost, but had some use",None,N/A,No,,N/A,,,No,No,Yes
3/16/2024 22:37:49,3748,41,Amp,1,,,,,,,,2,2,,,Failed attempt,No attempt,No attempt,"4 - Good, slight hesitation, but seemed purposeful",None,N/A,No,"inconsistent shooter.  started to climb, but fell off the chain",N/A,1,,No,No,No
3/16/2024 22:42:44,4464,41,Center,,1,,,,,,1,,,,,No attempt,No attempt,No attempt,"1 - Completely lost, not contributing in any way",None,N/A,No,"note in amp, died after missed amp",N/A,,,No,No,No
3/16/2024 22:48:30,4638+,41,Center,,2,,,,,,,3,2,,,No attempt,No attempt,No attempt,"3 - Decent, they get around, could do better",None,N/A,No,"slow but not bad, shooter had trouble",,,,Yes,Yes,Yes
3/16/2024 22:50:45,7886,41,Source,,,,,,,,,,,,,No attempt,No attempt,No attempt,"1 - Completely lost, not contributing in any way",None,N/A,No,,N/A,,,,,
3/16/2024 22:56:21,2900,41,Amp,,,,,,,,,,,,,No attempt,No attempt,No attempt,"1 - Completely lost, not contributing in any way",None,N/A,No,didn't do anything,N/A,,,,,
3/16/2024 22:06:29,2849,42,Source,,,,,,,2,,1,,,,No attempt,No attempt,No attempt,"2 - Mostly lost, but had some use",None,N/A,No,Jankiest Jank,N/A,,,No,No,Yes
3/16/2024 22:21:05,1719,42,Center,1,,,,,,,,,1,,,Failed attempt,No attempt,No attempt,"2 - Mostly lost, but had some use",None,N/A,No,,N/A,,,No,No,Yes
3/16/2024 22:25:54,8326,42,Source,,1,,,,,2,,1,1,,,Successful attempt,No attempt,No attempt,"4 - Good, slight hesitation, but seemed purposeful",Light,Not effective,No,"slow moving, not great control",N/A,,,,,
3/16/2024 22:44:18,4541,42,Center,1,,,,,,1,2,2,,,,No attempt,No attempt,No attempt,"3 - Decent, they get around, could do better",None,N/A,No,"fast moving, slow shooting",N/A,2,,,,Yes
3/16/2024 22:51:55,2199,42,Amp,1,,,,,,,,1,,,,No attempt,No attempt,No attempt,"2 - Mostly lost, but had some use",Light,Somewhat effective,Yes,looked like intake was dragging on the ground,N/A,1,,No,No,Yes
3/16/2024 17:48:04,8514,43,Source,,,,,,,,,,,,,No attempt,No attempt,No attempt,2,None,N/A,No,Shooter stuck,Not effective,,,No,No,No
3/16/2024 21:58:51,888,43,Center,1,,,,,,,,7,,,,No attempt,No attempt,No attempt,"5 - Fantastic, every move purposeful, wastes no time",None,N/A,No,Pretty accurate @ speaker,Not effective,,,Yes,No,Yes
3/16/2024 22:07:23,3793,43,Source,,,,,,,3,,,,,,No attempt,No attempt,No attempt,"2 - Mostly lost, but had some use",None,N/A,No,,N/A,,,No,No,Yes
3/16/2024 22:21:51,6213,43,Amp,,,,,,,,,,,,,No attempt,No attempt,No attempt,"1 - Completely lost, not contributing in any way",None,N/A,No,did absolutely nothing,N/A,,,No,No,No
3/16/2024 22:34:51,1418,43,Center,,2,,,,,,,4,2,,,Failed attempt,No attempt,No attempt,"3 - Decent, they get around, could do better",Light,Not effective,No,stopped intaking and just wandered (broken?),N/A,,,No,No,No
3/16/2024 22:38:44,1445,43,,,,,,,,,,,,,,No attempt,No attempt,No attempt,,None,N/A,No,drove around holding a note.  did not play defense,N/A,,,,,
3/16/2024 18:03:30,686,44,Amp,1,1,,,,,2,3,1,,,,No attempt,No attempt,No attempt,"5 - Fantastic, every move purposeful, wastes no time",None,N/A,No,"3 amp misses were the same note 3 tries
STOP PASSING AND JUST SHOOT",N/A,"1, 2, 3, 4",,No,No,No
3/16/2024 18:09:39,1908,45,Source,,,,,,,,,,"1, 2",,,Successful attempt,No attempt,No attempt,"2 - Mostly lost, but had some use",None,N/A,No,,N/A,,,,,
3/16/2024 22:02:36,8726,45,,,,,,,,,,3,,,,No attempt,No attempt,No attempt,"5 - Fantastic, every move purposeful, wastes no time",None,N/A,No,,N/A,,,No,No,No
3/16/2024 22:24:12,1111,45,,,,,,,,,,,,,,No attempt,No attempt,No attempt,,None,N/A,No,NO SHOW,,,,,,
3/16/2024 22:26:50,7886,45,Source,,,,,,,,,,,,,No attempt,No attempt,No attempt,"1 - Completely lost, not contributing in any way",None,N/A,No,"all over the place, shuddering",N/A,,,No,No,No
3/16/2024 22:36:08,1389,45,Center,,1,,,,,,,4,3,,,Failed attempt,No attempt,No attempt,"5 - Fantastic, every move purposeful, wastes no time",None,N/A,No,"50/50 shooter, climb not quite off of the floor",N/A,,,No,No,No
3/16/2024 18:16:38,3748,46,Center,1,,,,,,2,,4,,,,Failed attempt,No attempt,No attempt,"4 - Good, slight hesitation, but seemed purposeful",Light,Somewhat effective,No,,N/A,,,No,No,No
3/16/2024 18:16:53,5842,46,Amp,,,,,0,0,,,1,"1, 2, 3",0,0,No attempt,No attempt,No attempt,"3 - Decent, they get around, could do better",None,N/A,No,Wasn’t that quick getting the notes ,N/A,,,No,No,No
3/16/2024 22:28:04,8326,46,Source,,,,,,,2,,2,,,,Failed attempt,No attempt,No attempt,"3 - Decent, they get around, could do better",None,N/A,No,"slow intake, good amp, good speaker, may have broke climber",N/A,,,,,Yes
3/16/2024 22:29:18,614,46,,3,,,,,,,,3,,,,Successful attempt,No attempt,No attempt,"5 - Fantastic, every move purposeful, wastes no time",Glued to them,Somewhat effective,No,,N/A,,,No,No,Yes
3/16/2024 22:32:40,4464,46,Amp,1,,,,,,,,,,,,No attempt,No attempt,No attempt,"2 - Mostly lost, but had some use",None,N/A,Yes,lost comms almost immediately,N/A,,,No,No,No
3/16/2024 18:23:24,4541,47,Source,,1,,,,,4,,2,,,,No attempt,No attempt,No attempt,"5 - Fantastic, every move purposeful, wastes no time",Light,Not effective,No,,N/A,,,No,No,No
3/16/2024 18:23:35,4638,47,Center,,1,,,,,,,"1, 2",,,,Successful attempt,No attempt,Failed attempt,"3 - Decent, they get around, could do better",None,N/A,No,A little slow but accurate ,N/A,,,No,No,No
3/16/2024 18:23:36,1727,47,Amp,2,1,,,,,3,,6,2,,,No attempt,No attempt,No attempt,"5 - Fantastic, every move purposeful, wastes no time",None,N/A,No,,N/A,,,Yes,Yes,Yes
3/16/2024 18:23:59,9072,47,Center,1,1,,,,,,,"3, 4, 5, 6, 7, 8",,,,No attempt,No attempt,No attempt,"4 - Good, slight hesitation, but seemed purposeful",None,N/A,Yes,"Fast, stalled with 30 seconds left, came alive and parked",N/A,,,Yes,Yes,Yes
3/16/2024 21:48:36,2849,47,,,,,,0,0,,,,,1,0,No attempt,No attempt,No attempt,"1 - Completely lost, not contributing in any way",None,N/A,No,,N/A,,,No,No,No
3/16/2024 22:29:54,5243,47,,,,,,,,,,,,,,No attempt,No attempt,No attempt,"1 - Completely lost, not contributing in any way",None,N/A,No,,N/A,,,No,No,No
3/16/2024 18:30:42,6326,48,Amp,,,,,,,,,1,3,,,No attempt,No attempt,No attempt,"3 - Decent, they get around, could do better",None,N/A,No,,N/A,,,No,No,No
3/16/2024 18:31:12,1719,48,Center,1,,,,,,,,5,,,,Successful attempt,No attempt,No attempt,"5 - Fantastic, every move purposeful, wastes no time",None,N/A,No,,N/A,,,No,No,No
3/16/2024 18:31:13,8622,48,Amp,1,,,,,,,,,1,,,Successful attempt,No attempt,No attempt,"3 - Decent, they get around, could do better",Light,Somewhat effective,No,"Soft shooter, poor intake ",N/A,,,No,No,No
3/16/2024 18:31:14,2914,48,Source,,,,,None,None,,,,,None,None,Failed attempt,No attempt,No attempt,"2 - Mostly lost, but had some use",None,N/A,Yes,Shut down in the beginning and did nothing for auto but tried climbing at the end,Not effective,,,No,No,No
3/16/2024 18:31:28,4456,48,Center,4,,,,,,,,3,,,,Successful attempt,Failed attempt,No attempt,"4 - Good, slight hesitation, but seemed purposeful",Light,Not effective,No,Not super fast but consistent,N/A,,,No,No,Yes
3/16/2024 22:31:18,2199,48,,1,,,,,,1,,1,,,,No attempt,No attempt,No attempt,"2 - Mostly lost, but had some use",None,N/A,No,,N/A,,,No,No,Yes
3/16/2024 18:37:52,2900,49,Source,,1,,,,,,,,,,,No attempt,No attempt,No attempt,"1 - Completely lost, not contributing in any way",None,N/A,No,,Not effective,,,No,No,No
3/16/2024 18:37:59,1908,49,Source,,1,,,,,,,5,2,,,Successful attempt,No attempt,No attempt,"4 - Good, slight hesitation, but seemed purposeful",None,N/A,No,,N/A,,,No,No,No
3/16/2024 18:38:00,2537,49,Center,1,,,,,,,,,,,,Successful attempt,No attempt,Successful attempt,"1 - Completely lost, not contributing in any way",None,N/A,Yes,Robot broke ,N/A,,,No,No,No
3/16/2024 18:38:44,686,49,Amp,,,4,,None,None,2,,,,,,No attempt,No attempt,No attempt,"4 - Good, slight hesitation, but seemed purposeful",None,N/A,No,Good robot,Not effective,,,No,No,No
3/16/2024 18:38:55,1418,49,Amp,,1,,,,,1,,,2,,,Successful attempt,No attempt,Successful attempt,"3 - Decent, they get around, could do better",None,N/A,No,Shot over top of speaker,N/A,,,No,No,No
3/16/2024 21:50:20,7886,49,Source,,,,,,,,,,,,,No attempt,No attempt,No attempt,"1 - Completely lost, not contributing in any way",None,N/A,No,,N/A,,,No,No,No
3/16/2024 18:44:56,1389,50,Center,,2,,,,,1,,5,3,,,Failed attempt,No attempt,Failed attempt,"4 - Good, slight hesitation, but seemed purposeful",Light,Not effective,No,,N/A,,,No,No,No
3/16/2024 18:44:59,4464,50,Amp,,,,,,,,,,,,,No attempt,No attempt,No attempt,"1 - Completely lost, not contributing in any way",None,N/A,No,They inched their way to the stage and did nothing,N/A,,,No,No,No
3/16/2024 18:45:08,2377,50,Source,1,,,,,,1,,4,,,,No attempt,No attempt,No attempt,"3 - Decent, they get around, could do better",Light,Not effective,No,,N/A,,,No,,
3/16/2024 18:45:09,1446,50,Amp,,,,,,,,,,,,,No attempt,No attempt,No attempt,"1 - Completely lost, not contributing in any way",None,N/A,No,Robot is broken and ineffective. Continued running into the wall,Not effective,,,No,No,No
3/16/2024 18:45:12,116,50,Source,1,,,,,,,1,3,,,,Failed attempt,No attempt,No attempt,"4 - Good, slight hesitation, but seemed purposeful",Light,Not effective,No,Slow but steady ,N/A,,,No,No,No
3/16/2024 21:51:32,6213,50,Source,,,,,,,,,,,,,No attempt,No attempt,No attempt,"1 - Completely lost, not contributing in any way",None,N/A,Yes,,N/A,,,No,No,No
3/16/2024 18:52:35,9072,51,Center,1,,,,,,,,"1, 5",1,,,No attempt,No attempt,No attempt,"4 - Good, slight hesitation, but seemed purposeful",Heavy,Significantly effective,No,,N/A,,,Yes,No,No
3/16/2024 18:52:52,2849,51,Source,1,,,,,,,,,,,,No attempt,No attempt,No attempt,"4 - Good, slight hesitation, but seemed purposeful",None,N/A,No,Skirted the edge of a foul,Very effective,,,No,No,No
3/16/2024 18:53:18,1111,51,Amp,,,,,,,,,,,,,No attempt,No attempt,No attempt,"2 - Mostly lost, but had some use",None,N/A,Yes,It broke for a little bit and then played defense pretty well after it started working again ,Somewhat effective,,,No,No,No
3/16/2024 18:53:20,1727,51,Center,3,,,,,,3,,4,,,,No attempt,No attempt,No attempt,"5 - Fantastic, every move purposeful, wastes no time",Light,Significantly effective,No,Shoved around easily by 2849,N/A,,,No,No,No
3/16/2024 18:53:30,8726,51,Amp,1,,,,,,,,5,1,1,,No attempt,No attempt,No attempt,"4 - Good, slight hesitation, but seemed purposeful",None,N/A,No,"Shooter is fast but seemed to slow down every couple shots, intake is slow",N/A,1,,No,No,No
3/16/2024 21:52:42,5841,51,Source,1,,,,,,,,1,,,,No attempt,No attempt,No attempt,"2 - Mostly lost, but had some use",Light,Not effective,Yes,,,,,,,
3/16/2024 18:59:20,4541,52,Amp,1,,,,,,4,1,,,,,No attempt,No attempt,No attempt,"5 - Fantastic, every move purposeful, wastes no time",None,N/A,No,,N/A,,,No,No,No
3/16/2024 18:59:28,2199,52,Source,1,,,,,,3,1,3,2,,,No attempt,No attempt,No attempt,"4 - Good, slight hesitation, but seemed purposeful",Light,Not effective,No,Kinda slow but consistent ,N/A,,,No,No,No
3/16/2024 18:59:41,888,52,Center,3,,,,,,,,6,,,,No attempt,No attempt,No attempt,"5 - Fantastic, every move purposeful, wastes no time",None,N/A,No,Fantastic aim very quick. Very accurate with shooting. Shot the last shot with a few seconds on the clock ,N/A,,,Yes,Yes,Yes
3/16/2024 19:00:00,6326,52,Amp,1,,,,,,,,,2,,,No attempt,No attempt,No attempt,"5 - Fantastic, every move purposeful, wastes no time",Light,Somewhat effective,No,Robot was fast and went and grabbed rings to bring to teams area for the other team mate to score was fast ,N/A,,,No,No,No
3/16/2024 19:00:02,614,52,Center,2,,,,,,1,,5,,,,Successful attempt,No attempt,No attempt,"5 - Fantastic, every move purposeful, wastes no time",None,N/A,No,"Fast, fairly accurate, note bound up in intake a couple times, got stuck under bumper.",N/A,,,No,No,Yes
3/16/2024 21:55:37,7770,52,Source,,,,,,,,,,,,,No attempt,No attempt,No attempt,"1 - Completely lost, not contributing in any way",Light,Not effective,Yes,,Not effective,,,,,
3/17/2024 9:29:55,5243,53,Source,,,,,,,,,,,,,No attempt,No attempt,No attempt,"2 - Mostly lost, but had some use",None,Not effective,No,Tried to play defense ,Somewhat effective,,,No,No,No
3/17/2024 9:29:57,1629,53,Amp,1,1,,,,,,,8,3,,,No attempt,No attempt,No attempt,"5 - Fantastic, every move purposeful, wastes no time",Heavy,Somewhat effective,No,,N/A,1,,Yes,Yes,Yes
3/17/2024 9:29:59,4456,53,Center,3,,,,,,,,5,,,,Successful attempt,No attempt,No attempt,"4 - Good, slight hesitation, but seemed purposeful",Heavy,Not effective,No,,Somewhat effective,,,No,No,No
3/17/2024 9:30:13,8622,53,Center,,1,,,,,,,3,,,,No attempt,Failed attempt,No attempt,"3 - Decent, they get around, could do better",Light,Significantly effective,No,,N/A,,,No,No,No
3/17/2024 9:31:01,5115,53,Amp,,,,,,,"1, 2, 3, 4",1,"1, 2",,,,Successful attempt,No attempt,Successful attempt,"5 - Fantastic, every move purposeful, wastes no time",Heavy,Somewhat effective,No,,N/A,,,No,No,No
3/17/2024 9:32:21,8326,53,Source,,1,,,,,2,,2,,,,Successful attempt,No attempt,No attempt,"4 - Good, slight hesitation, but seemed purposeful",Light,Somewhat effective,No,"Climbed very well but 5115 (same alliance) knocked them down when attempting their own climb. Good Amp scorer, decent speaker scorer. Good driving, fairly quick, not too reckless",N/A,,,No,No,No
3/17/2024 9:36:50,3793,54,Amp,,,,,,,5,,,,,,No attempt,No attempt,No attempt,"3 - Decent, they get around, could do better",None,N/A,No,Looks and runs janky but scores a good amount on amp,N/A,,,No,No,Yes
3/17/2024 9:37:02,1719,54,Source,1,,,,,,,,6,,,,No attempt,No attempt,No attempt,"3 - Decent, they get around, could do better",None,N/A,No,"Very slow and methodical, had climber but didn’t attempt ",N/A,,,No,No,No
3/17/2024 9:37:07,3748,54,Center,3,,,,,,,,,,,,No attempt,Successful attempt,No attempt,,None,N/A,Yes,Issue with intake,N/A,,,Yes,No,Yes
3/17/2024 9:37:08,8514,54,Amp,,,,,,,1,,,,,,No attempt,No attempt,No attempt,"2 - Mostly lost, but had some use",None,N/A,Yes,Robot had trouble with Intake and spent too long trying to get a note. They played defense against someone that wasn’t working ,Not effective,,,No,No,No
3/17/2024 9:37:09,4638,54,Center,,1,,,,,,,,"1, 2",,,Failed attempt,No attempt,No attempt,"1 - Completely lost, not contributing in any way",None,N/A,No,Kept dropping notes and was hard to pick them up,N/A,,,No,No,No
3/17/2024 9:37:45,2914,54,Source,,,,,,,,,,,,,No attempt,No attempt,No attempt,"1 - Completely lost, not contributing in any way",Light,Not effective,No,"Can't intake from ground, electronics twitchy, note got stuck in robot for 30 seconds and they played defense against another bot also playing defense, didn't move during auto, parked at end game",Not effective,,,No,No,No
3/17/2024 9:43:25,2377,54,Source,1,,,,,,2,,3,1,,,Failed attempt,No attempt,No attempt,"5 - Fantastic, every move purposeful, wastes no time",Light,Not effective,No,,Somewhat effective,,,No,No,No
3/17/2024 9:43:33,2900,55,,,,,,,,,,,,,,Failed attempt,No attempt,No attempt,"1 - Completely lost, not contributing in any way",None,N/A,No,Useless,N/A,,,No,No,No
3/17/2024 9:43:44,1418,55,Center,,2,,,,,,,3,3,,,No attempt,No attempt,No attempt,"3 - Decent, they get around, could do better",None,N/A,No,,N/A,,,No,No,No
3/17/2024 9:44:07,686,55,Amp,3,1,,,,,,,5,2,,,No attempt,No attempt,No attempt,"5 - Fantastic, every move purposeful, wastes no time",Heavy,Not effective,No,,N/A,2,,No,No,No
3/17/2024 9:44:38,1727,55,Center,,"1, 2",,,,,"1, 2, 3, 4",,"1, 2, 3, 4, 5, 6",1,,,No attempt,No attempt,No attempt,"5 - Fantastic, every move purposeful, wastes no time",Heavy,Not effective,No,,N/A,,,Yes,Yes,Yes
3/17/2024 9:45:30,4464,55,Amp,,,,,,,,,,,"5 fouls, contact in the source",,No attempt,No attempt,No attempt,"1 - Completely lost, not contributing in any way",None,N/A,Yes,"Robot continuously hit opponent in their source after multiple flags, could not intake or shoot, died toward the end at center",Not effective,,,No,No,No
3/17/2024 9:59:48,888,55,Center,1,1,,,,,,,5,1,,,Failed attempt,No attempt,No attempt,"5 - Fantastic, every move purposeful, wastes no time",Light,Not effective,No,,N/A,,,Yes,No,Yes
3/17/2024 9:59:44,9072,56,Source,,1,,,,,,,"1, 2, 3, 4, 5, 6","1, 2",,,No attempt,No attempt,No attempt,"5 - Fantastic, every move purposeful, wastes no time",None,N/A,No,,N/A,,,Yes,Yes,Yes
3/17/2024 9:59:45,2199,56,Amp,1,,,,,,4,,1,,,,No attempt,No attempt,No attempt,"4 - Good, slight hesitation, but seemed purposeful",None,N/A,No,"Top heavy, a little slower but can score well ",N/A,,,No,No,No
3/17/2024 9:59:56,8726,56,Source,,,,,,,,,6,1,,,No attempt,Failed attempt,No attempt,"3 - Decent, they get around, could do better",None,N/A,No,,N/A,,,No,No,No
3/17/2024 10:01:07,1389,56,Amp,1,,,,,,"1, 2",,"1, 2, 3, 4, 5","1, 2",,,No attempt,No attempt,No attempt,"5 - Fantastic, every move purposeful, wastes no time",None,N/A,No,"Take a little bit to line up speaker, but good still",N/A,,,No,No,No
3/17/2024 10:01:35,614,56,Center,2,,,,,,2,,3,2,,,Successful attempt,No attempt,No attempt,"4 - Good, slight hesitation, but seemed purposeful",Light,Not effective,No,"Driving was a little wild, shot note out of field, missed one intake during auto, solid Amp shot, climbed but 9072 drove into them with 1 second to go and the climb didn't count",N/A,1,,No,No,Yes
3/17/2024 10:10:22,8622,57,Center,1,,,,,,,,,,,,No attempt,No attempt,No attempt,,None,N/A,Yes,"Lost comm, dead in water",N/A,,,No,No,No
3/17/2024 10:10:39,1908,57,Source,,1,,,,,,,3,5,,,Successful attempt,Failed attempt,No attempt,"3 - Decent, they get around, could do better",None,N/A,No,,N/A,,,No,No,No
3/17/2024 10:10:51,4541,57,Amp,,1,,,,,5,1,1,,,,No attempt,No attempt,No attempt,"4 - Good, slight hesitation, but seemed purposeful",None,N/A,No,Pretty good handling. Can score on speaker well but focuses on amp more ,N/A,,,No,No,No
3/17/2024 10:10:53,5841,57,Center,,1,,,,,,,,1,,,No attempt,No attempt,No attempt,"1 - Completely lost, not contributing in any way",None,N/A,No,Only picked up one note,N/A,,,No,No,No
3/17/2024 10:12:03,7886,57,Amp,,,,,,,,,,,,,No attempt,No attempt,No attempt,"1 - Completely lost, not contributing in any way",None,N/A,No,"Parked, and that's it",N/A,,,No,No,No
3/17/2024 10:12:37,1446,57,Source,,,,,,,,1,,,,,No attempt,No attempt,No attempt,"1 - Completely lost, not contributing in any way",None,N/A,No,Robot is not functional. Starts with a loaded note but failed to score in the Amp. Drive train isn't working properly. ,N/A,,,No,No,Yes
3/17/2024 10:18:10,6213,58,Source,,,,,,,,,,,,,No attempt,No attempt,No attempt,"1 - Completely lost, not contributing in any way",None,N/A,No,,Not effective,,,No,No,No
3/17/2024 10:18:15,3748,58,Center,2,,,,,,,,4,,,,Successful attempt,No attempt,No attempt,"3 - Decent, they get around, could do better",Heavy,Significantly effective,No,,N/A,,,No,No,No
3/17/2024 10:18:29,3793,58,Source,,,,,,,2,,,,,,No attempt,No attempt,No attempt,"3 - Decent, they get around, could do better",Light,Somewhat effective,Yes,The note intake was not very effective. It took too long to scoop up the note. Could not shoot for speakers ,N/A,,,No,No,Yes
3/17/2024 10:18:37,1111,58,Amp,,,,,,,,,,,,,No attempt,No attempt,No attempt,"2 - Mostly lost, but had some use",Heavy,N/A,No,,Not effective,,,No,No,No
3/17/2024 10:19:14,2537,58,Source,,1,,,,,1,,1,1,,,Failed attempt,No attempt,No attempt,"4 - Good, slight hesitation, but seemed purposeful",Heavy,Somewhat effective,No,Makes horrendous noise when shooting; deployed climber but didn’t engage it; shooter slow and semi-efficient ,N/A,,,No,No,No
3/17/2024 10:20:08,4456,58,Center,4,,,,,,,,4,,,,Successful attempt,Failed attempt,No attempt,"4 - Good, slight hesitation, but seemed purposeful",Light,Not effective,No,"Good robot, good driver, doesn't intake from ground outside of auto, slower but consistent, top heavy - tilted with a small hit. Climbed slowly and almost scored the trap",N/A,,,No,No,Yes
3/17/2024 10:25:42,1629,59,Center,4,,,,,,,,11,2,,,No attempt,No attempt,No attempt,"5 - Fantastic, every move purposeful, wastes no time",Heavy,Somewhat effective,No,Awesome score made sure to score towards the end of the game with second left,N/A,,,Yes,Yes,Yes
3/17/2024 10:26:04,4638,59,Source,,,,,,,,,,,,,Failed attempt,No attempt,No attempt,"2 - Mostly lost, but had some use",None,N/A,No,,Somewhat effective,1,,No,No,No
3/17/2024 10:26:06,8514,59,Amp,,,,,,,,,,,,,No attempt,No attempt,No attempt,"1 - Completely lost, not contributing in any way",Light,Shut them down,No,Never ever pick it,N/A,,,No,No,No
3/17/2024 10:26:06,7770,59,Source,,,,,,,,,,,,,Successful attempt,No attempt,No attempt,"4 - Good, slight hesitation, but seemed purposeful",Light,Not effective,No,Really good defense; got pretty high off floor in climb. ,Very effective,,,No,No,No
3/17/2024 10:26:27,8326,59,Center,1,"1, 2",,,,,"1, 2, 3, 4",,1,"1, 2",,,Successful attempt,No attempt,Successful attempt,"3 - Decent, they get around, could do better",None,Significantly effective,No,,N/A,,,No,No,No
3/17/2024 10:28:15,1719,59,Amp,,1,,,,,,,3,,,,Successful attempt,No attempt,No attempt,"3 - Decent, they get around, could do better",None,N/A,No,"Died for a few seconds, slower, cautious driver, climbed and in spotlight",N/A,,,No,No,Yes
3/17/2024 10:36:58,5243,60,Source,,,,,,,,,,,,,No attempt,No attempt,No attempt,"2 - Mostly lost, but had some use",None,N/A,Yes,Shut down towards the end,N/A,,,No,No,No
3/17/2024 10:37:05,6326,60,Center,,1,,,,,,,,,,,No attempt,No attempt,No attempt,"2 - Mostly lost, but had some use",None,N/A,Yes,Broke shooter and intake in auto,Somewhat effective,,,No,No,No
3/17/2024 10:37:23,2849,60,Center,,1,,,,,,,"1, 2",,,,No attempt,No attempt,No attempt,"1 - Completely lost, not contributing in any way",None,Somewhat effective,No,,N/A,,,,,No
3/17/2024 10:37:29,116,60,Amp,1,,,,,,,,5,2,,,No attempt,No attempt,No attempt,"4 - Good, slight hesitation, but seemed purposeful",None,N/A,No,Intske was slow but did ok ,N/A,,,No,No,No
3/17/2024 10:38:04,2914,60,Source,,,,,,,,,,1,,,No attempt,No attempt,No attempt,"2 - Mostly lost, but had some use",Light,Somewhat effective,No,"Very hesitant driver, seems new to swerve",N/A,,,No,No,No
3/17/2024 10:38:44,5115,60,Center,1,1,,,,,4,,2,1,"Maybe, contacting red under stage",,Failed attempt,No attempt,No attempt,"4 - Good, slight hesitation, but seemed purposeful",Heavy,Somewhat effective,Yes,"Climbing arm extended on impact and led strip fell off. Good Amp score, decent speaker score",N/A,,,No,No,Yes
3/17/2024 10:44:43,1727,61,Center,2,,,,,,7,,4,,,,No attempt,No attempt,No attempt,"4 - Good, slight hesitation, but seemed purposeful",Light,Not effective,No,,Somewhat effective,,,No,No,No
3/17/2024 10:44:59,1446,61,Source,,,,,,,,,,,,,No attempt,No attempt,No attempt,"1 - Completely lost, not contributing in any way",None,N/A,No,Lost comm for a bit.  ,Not effective,,,No,No,No
3/17/2024 10:45:08,9072,61,Center,3,,,,,,,,6,5,,,No attempt,No attempt,No attempt,"4 - Good, slight hesitation, but seemed purposeful",Light,Somewhat effective,No,686 got them razzled and they missed a lot of speakers ,N/A,,,Yes,Yes,Yes
3/17/2024 10:45:28,888,61,Source,1,,,,In red zone after auto,,,,6,3,,,No attempt,No attempt,No attempt,"4 - Good, slight hesitation, but seemed purposeful",None,N/A,No,"Missed more than usual, fast, a little wild",N/A,,,Yes,No,Yes
3/17/2024 10:45:44,2900,61,Amp,,,,,,,,,,,,,No attempt,No attempt,No attempt,"1 - Completely lost, not contributing in any way",None,N/A,No,"It did break in auto, and stopped moving in endgame, not middlegame",N/A,,,No,No,No
3/17/2024 10:47:02,686,61,Amp,"1, 2, 3",,,,,,,,"1, 2, 3, 4",1,,,No attempt,No attempt,No attempt,"5 - Fantastic, every move purposeful, wastes no time",Light,Not effective,No,,N/A,"1, 2, 3, 4",,Yes,Yes,Yes
3/17/2024 10:52:32,4464,62,Amp,,,,,,,,,,,,,No attempt,No attempt,No attempt,"1 - Completely lost, not contributing in any way",None,N/A,No,Went under stage and parked.  No help. ,N/A,,,No,No,No
3/17/2024 10:52:44,4541,62,Center,1,,,,,,1,,4,3,,,No attempt,Successful attempt,No attempt,"4 - Good, slight hesitation, but seemed purposeful",Light,Somewhat effective,No,,N/A,,,No,No,Yes
3/17/2024 10:52:46,5841,62,Source,,,,,,,,,3,1,,,No attempt,No attempt,No attempt,"3 - Decent, they get around, could do better",None,N/A,No,Slow intake ,Somewhat effective,,,No,No,No
3/17/2024 10:52:48,3748,62,Center,1,,,,,,,,"1, 2, 3, 4, 5, 6","1, 2",,,Successful attempt,No attempt,No attempt,"4 - Good, slight hesitation, but seemed purposeful",Light,Not effective,No,,N/A,,,No,No,Yes
3/17/2024 10:52:49,2377,62,Source,1,,,,,,3,,,,,,No attempt,No attempt,No attempt,"3 - Decent, they get around, could do better",None,N/A,Yes,Stopped towards the end,N/A,,,No,No,No
3/17/2024 10:54:39,2199,62,Amp,1,,,,,,,,3,1,,,Failed attempt,No attempt,No attempt,"3 - Decent, they get around, could do better",Light,Not effective,No,"Ground intake picked up notes and spit them out immediately, or dragged notes to speaker. Picked up two at once, not sure it was penalized. Seems driver can't see where notes are in the intake",N/A,1,,No,No,No
3/17/2024 10:58:47,8622,63,Center,1,,,,,,,,,,,,No attempt,No attempt,No attempt,"1 - Completely lost, not contributing in any way",None,N/A,Yes,,N/A,,,No,No,Yes
3/17/2024 10:59:12,7886,63,Amp,,,,,,,,,,1,,,No attempt,No attempt,No attempt,"1 - Completely lost, not contributing in any way",None,N/A,No,,N/A,,,No,No,No
3/17/2024 10:59:39,1389,63,Source,,,,,,,4,,2,,,,Failed attempt,No attempt,No attempt,"3 - Decent, they get around, could do better",None,N/A,No,,N/A,,,No,No,No
3/17/2024 10:59:44,3793,63,Source,,,,,,,3,1,,,,,No attempt,No attempt,No attempt,"3 - Decent, they get around, could do better",None,N/A,No,Slower robot with a slow intake ,N/A,,,No,No,Yes
3/17/2024 11:00:04,1629,63,Center,1,,,,,,,,9,,,,No attempt,No attempt,No attempt,"5 - Fantastic, every move purposeful, wastes no time",Light,N/A,No,,N/A,1,,No,No,No
3/17/2024 11:00:21,8726,63,Amp,1,1,,,,,,,4,4,,,No attempt,No attempt,No attempt,"5 - Fantastic, every move purposeful, wastes no time",Light,Not effective,No,Had to shoot from the center; intake not terribly efficient- had to run note up against wall to ensure pickup,N/A,,,No,No,No
3/17/2024 11:07:35,7770,64,Source,,,,,,,,,,,,,Failed attempt,No attempt,No attempt,"1 - Completely lost, not contributing in any way",None,N/A,No,,Not effective,,,No,No,No
3/17/2024 11:07:46,4456,64,Center,3,,,,,,,,3,,,,Successful attempt,No attempt,No attempt,"3 - Decent, they get around, could do better",None,N/A,No,,N/A,,,No,No,No
3/17/2024 11:07:57,2537,64,Source,,,,,,,,,2,2,,,Failed attempt,No attempt,Failed attempt,"3 - Decent, they get around, could do better",Light,Somewhat effective,No,"Intake is breaking, you could hear it from the field. Intake is very slow. ",N/A,,,No,No,No
3/17/2024 11:08:41,1719,64,Amp,1,,,,,,,,4,,,,Successful attempt,No attempt,Failed attempt,"3 - Decent, they get around, could do better",None,N/A,Yes,Failed harmony was not this robots fault it was 7770s failure ,Somewhat effective,,,No,No,Yes
3/17/2024 11:08:51,116,64,Source,1,,,,,,,,3,,Hit other alliance under stage,,Successful attempt,No attempt,No attempt,"2 - Mostly lost, but had some use",None,N/A,No,"Erratic driving, hard time intaking",N/A,,,No,No,Yes
3/17/2024 11:09:07,6326,64,Amp,,,,,,,1,,,,,,Successful attempt,No attempt,Failed attempt,"1 - Completely lost, not contributing in any way",None,N/A,No,Not sure if attempted harmonizer held it down on the floor or not.  Couldn’t see if all wheels were off the ground. ,N/A,,,No,No,No
3/17/2024 11:14:56,5115,65,Center,"1, 2",1,,,,,4,1,4,,,,Failed attempt,No attempt,No attempt,"5 - Fantastic, every move purposeful, wastes no time",None,N/A,No,,N/A,,,No,No,No
3/17/2024 11:15:00,2914,65,Source,,,,,,,,,,1,,,No attempt,No attempt,No attempt,"1 - Completely lost, not contributing in any way",Light,Somewhat effective,Yes,Not sure if this robot broke but it was meandering around the field not playing defense. ,Not effective,,,No,No,No
3/17/2024 11:15:22,8326,65,Center,2,,,,,,4,,1,1,,,Successful attempt,No attempt,No attempt,"5 - Fantastic, every move purposeful, wastes no time",Heavy,Somewhat effective,No,Likes to shoot from center.  Fast climber.  Good on amp,Somewhat effective,,,No,No,No
3/17/2024 11:15:26,4638,65,Source,,,,,,,,,,,,,No attempt,No attempt,No attempt,"3 - Decent, they get around, could do better",Light,Not effective,No,"No attempt to score or intake, defense only, did a good job on D",Very effective,,,No,No,Yes
3/17/2024 11:15:42,1908,65,Center,,1,,,,,,,2,4,,,Successful attempt,No attempt,No attempt,"3 - Decent, they get around, could do better",Heavy,Somewhat effective,No,Shooter not very powerful. Barely enough to get in the speaker. ,Somewhat effective,,,No,No,Yes
3/17/2024 11:16:39,1111,65,Amp,,,,,0,0,,,,,0,0,No attempt,No attempt,No attempt,"3 - Decent, they get around, could do better",None,N/A,No,"No scoring except a park, pretty much sat infront of the red speaker the whole game playing defense.  ",Somewhat effective,,,No,No,Yes
3/17/2024 11:22:14,5243,66,,,,,,,,,,2,2,,,No attempt,No attempt,No attempt,"3 - Decent, they get around, could do better",None,N/A,No,note intske is very slow and they’re not a fast robot,N/A,,,No,No,No
3/17/2024 11:22:16,8514,66,Amp,,,,,,,,,,,,,No attempt,No attempt,No attempt,"2 - Mostly lost, but had some use",None,N/A,Yes,Whole shooter was tilted and broken,Somewhat effective,,,No,No,No
3/17/2024 11:22:21,6213,66,Source,,,,,,,,,,,,,Failed attempt,No attempt,No attempt,"1 - Completely lost, not contributing in any way",Light,N/A,No,,Somewhat effective,,,No,No,No
3/17/2024 11:22:28,2849,66,Amp,,1,,,,,,,2,,,,No attempt,No attempt,No attempt,"3 - Decent, they get around, could do better",Heavy,Somewhat effective,No,Floppy intake; no ground pickup,Not effective,,,No,No,No
3/17/2024 11:22:59,614,66,Center,3,,,,,,,,1,,,,Failed attempt,No attempt,No attempt,"3 - Decent, they get around, could do better",None,N/A,Yes,"Unsure what happened after auto, could not intake, erratic driving, defense was okay",Somewhat effective,,,No,No,Yes
3/17/2024 11:24:12,1418,66,Center,1,,,,0,0,,,,,0,3,Successful attempt,No attempt,No attempt,"2 - Mostly lost, but had some use",None,N/A,No,"Got a note stuck in perimeter (something sticks out for it to get caught on, could be potential risk. Sorta played defense on midline the rest of the game.",Somewhat effective,,,No,No,Yes
3/17/2024 11:28:24,2900,67,Amp,,1,,,,,,,,,,,No attempt,No attempt,No attempt,"1 - Completely lost, not contributing in any way",None,N/A,Yes,,N/A,,,No,No,No
3/17/2024 11:28:53,1629,67,Source,2,1,,,,,,,8,3,,,No attempt,No attempt,No attempt,"5 - Fantastic, every move purposeful, wastes no time",Heavy,Not effective,No,Good at picking up mistakes and getting them second try,N/A,,,Yes,Yes,Yes
3/17/2024 11:28:54,8622,67,Center,1,,,,,,,,3,,,,No attempt,No attempt,No attempt,"2 - Mostly lost, but had some use",None,N/A,Yes,,N/A,,,No,No,No
3/17/2024 11:28:56,2199,67,Center,,"1, 2",,,0,0,1,,3,3,0,0,No attempt,No attempt,No attempt,"4 - Good, slight hesitation, but seemed purposeful",Light,Not effective,No,"Not great intake, shooter a bit inconsistent",N/A,,,No,No,Yes
3/17/2024 11:29:01,1446,67,Source,,,,,,,,,,,,,No attempt,No attempt,No attempt,"2 - Mostly lost, but had some use",None,N/A,No,"See previous notes, all true",Not effective,,,No,No,No
3/17/2024 11:29:27,686,67,Amp,2,,,,,,,,4,,,,No attempt,No attempt,No attempt,"5 - Fantastic, every move purposeful, wastes no time",Light,Not effective,No,Not got stuck in the robot. ,N/A,3,,Yes,Yes,Yes
3/17/2024 11:35:30,3748,68,Amp,1,,,,,,,,3,,,,Successful attempt,No attempt,Failed attempt,"3 - Decent, they get around, could do better",None,N/A,No,,N/A,,,No,No,No
3/17/2024 11:36:21,1389,68,Center,,,,,,,3,,2,1,,,Failed attempt,No attempt,No attempt,"3 - Decent, they get around, could do better",None,N/A,No,Slower but did a pretty good job ,N/A,,,No,No,No
3/17/2024 11:36:27,1727,68,Center,3,,,,,,6,,5,,,,No attempt,No attempt,No attempt,"5 - Fantastic, every move purposeful, wastes no time",None,N/A,No,Excellent at the amp. Could pair well with a passer and a speaker shooter. ,N/A,,,Yes,Yes,Yes
3/17/2024 11:36:29,888,68,Center,,1,,,,,,,3,,,,Failed attempt,No attempt,Failed attempt,"4 - Good, slight hesitation, but seemed purposeful",Heavy,Not effective,No,Intake jammed for a bit then note got stuck on a protrusion but both cleared. ,Somewhat effective,,,Yes,No,Yes
3/17/2024 11:36:36,7886,68,Source,,,,,,,,,,,2 or 3 for hitting opponents in source zone,,No attempt,No attempt,No attempt,"1 - Completely lost, not contributing in any way",None,N/A,No,"Continued hitting opponents in source zone, then parked for the rest of the match",Not effective,,,No,No,No
3/17/2024 11:43:28,2914,68,Source,,,,,,,,,1,,,,Failed attempt,No attempt,No attempt,"1 - Completely lost, not contributing in any way",None,N/A,Yes,Had some driving problems,N/A,,,No,No,No
3/17/2024 11:43:25,3793,69,Source,,,,,,,4,,,,,,No attempt,No attempt,No attempt,"3 - Decent, they get around, could do better",None,N/A,No,,N/A,,,No,No,Yes
3/17/2024 11:44:01,4541,69,Center,1,,,,,,2,,5,1,,,No attempt,No attempt,No attempt,"4 - Good, slight hesitation, but seemed purposeful",None,N/A,No,Waited for the amp to clear wasted about ten seconds ,N/A,,,No,No,Yes
3/17/2024 11:44:05,4464,69,Amp,,,,,0,0,,,,,0,1,No attempt,No attempt,No attempt,"1 - Completely lost, not contributing in any way",None,Not effective,Yes,"Note stuck in perimeter, tried to play defense but was horrible at it",Not effective,,,No,No,No
3/17/2024 11:44:32,5115,69,Center,1,1,,,,,3,,4,1,,,Successful attempt,No attempt,No attempt,"5 - Fantastic, every move purposeful, wastes no time",Heavy,Not effective,No,Sour 2 notes in wrong direction ,N/A,,,No,No,No
3/17/2024 11:44:37,2537,69,Amp,1,,,,,,2,,5,,,,Successful attempt,No attempt,Failed attempt,"4 - Good, slight hesitation, but seemed purposeful",Light,Not effective,No,,N/A,,,No,No,No
3/17/2024 11:50:09,614,69,Center,1,,,,,,,,,,,,Failed attempt,No attempt,No attempt,"2 - Mostly lost, but had some use",None,N/A,Yes,Was having problems with shooting,N/A,,,No,No,No
3/17/2024 11:50:09,8326,70,Center,2,,,,,,,,6,1,,,Successful attempt,No attempt,No attempt,"5 - Fantastic, every move purposeful, wastes no time",None,N/A,No,"Shooting has slowed down it seems but still
Accurate ",N/A,,,No,No,No
3/17/2024 11:50:09,1719,70,Source,,1,,,,,,,4,1,,,Failed attempt,No attempt,No attempt,"2 - Mostly lost, but had some use",None,N/A,No,,N/A,,,No,No,No
3/17/2024 11:51:44,2377,70,Source,3,,,,0,0,3,,4,,0,0,Failed attempt,Failed attempt,No attempt,"5 - Fantastic, every move purposeful, wastes no time",Light,Not effective,No,"Amazing driver, fast robot. Great intake, looked like they tried to go for trap, but the time they took going to the substation for a note ended up wasting enough time to fail the their hang. ",N/A,,,No,No,Yes
3/17/2024 11:51:57,1418,70,Amp,,1,,,,,1,1,,1,"Died under opponents stage, red took advantage",,Successful attempt,No attempt,No attempt,"2 - Mostly lost, but had some use",Light,Somewhat effective,Yes,"Got hit, lifted up, didn't run right after. Stalled under opponent stage. Climbed quickly but teammate ran into it, my not have counted",N/A,1,,No,No,No
3/17/2024 11:52:29,2849,70,Amp,1,,,,,,,,,,3,1-finished in blue stage,Failed attempt,No attempt,No attempt,"2 - Mostly lost, but had some use",None,N/A,No,Got stuck in chain on blue stage,Very effective,,,No,No,No
3/17/2024 11:57:05,1111,70,Source,,,,,,,,,,,,,No attempt,No attempt,No attempt,"2 - Mostly lost, but had some use",None,N/A,Yes,,Very effective,,,No,No,No
3/17/2024 11:57:30,9072,71,Center,1,,,,,,,,13,1,,,No attempt,No attempt,No attempt,"5 - Fantastic, every move purposeful, wastes no time",Heavy,Not effective,No,Quick and accurate shooter ,N/A,,,Yes,Yes,Yes
3/17/2024 11:57:31,8514,71,Amp,,,,,,,3,,,,,,No attempt,No attempt,No attempt,"2 - Mostly lost, but had some use",None,N/A,No,,Not effective,,,No,No,No
3/17/2024 11:57:43,4456,71,Center,3,,,,,,,,6,4,,,Successful attempt,Failed attempt,No attempt,"4 - Good, slight hesitation, but seemed purposeful",Heavy,Not effective,No,Floppy floor intake; preferred source pickup,N/A,,,No,No,No
3/17/2024 11:58:06,7770,71,Source,,,,,,,,,,,,,Successful attempt,No attempt,Successful attempt,"1 - Completely lost, not contributing in any way",None,N/A,No,,Not effective,,,No,No,No
3/17/2024 11:58:51,5243,71,Center,1,,,,,,,,,1,,,No attempt,No attempt,No attempt,"2 - Mostly lost, but had some use",None,N/A,No,Was a distraction and obstacle for opponents. They tried.,Somewhat effective,,,No,No,
3/17/2024 12:03:21,6213,72,Source,,,,,,,,,,,,,No attempt,No attempt,No attempt,"2 - Mostly lost, but had some use",None,N/A,No,,Somewhat effective,,,No,No,No
3/17/2024 12:03:25,6326,72,,,1,,,,,5,,,1,,,Successful attempt,No attempt,No attempt,"3 - Decent, they get around, could do better",None,N/A,No,,N/A,,,No,No,Yes
3/17/2024 12:03:31,4638,72,Center,2,,,,,,,,2,,,,No attempt,No attempt,No attempt,"1 - Completely lost, not contributing in any way",None,N/A,No,,N/A,,,No,No,Yes
3/17/2024 12:03:43,1908,72,Center,1,,,,,,,,8,,,,Failed attempt,No attempt,No attempt,"4 - Good, slight hesitation, but seemed purposeful",None,N/A,No,Good aim for speaker scoring but has to be right in the middle to score ,N/A,,,No,No,No
3/17/2024 12:04:56,8726,72,Center,2,,,,,,,,7,,,,No attempt,No attempt,No attempt,"4 - Good, slight hesitation, but seemed purposeful",Light,Somewhat effective,No,Took a couple big hits and kept going. Intake is slow. Accurate shots in speaker ,N/A,,,No,No,Yes
3/17/2024 12:04:56,5841,72,Amp,1,,,,,,,,2,1,,,No attempt,No attempt,No attempt,"2 - Mostly lost, but had some use",Light,N/A,No,,Somewhat effective,,,No,No,No
3/17/2024 11:36:05,68,116,Amp,1,,,,0,0,,,3,1,0,1,Failed attempt,No attempt,No attempt,"2 - Mostly lost, but had some use",Light,Not effective,No,Unreliable driver,Not effective,,,No,No,No
3/17/2024 8:32:22,1111,???,Source,,,,,,,,,,,,,No attempt,No attempt,No attempt,"1 - Completely lost, not contributing in any way",None,N/A,Yes,,N/A,,,No,No,No